lexeme_id,class,source,label,gloss,comment,POS,language_ID
caahit,vc,,,pescar,,,
contíca,vi irr,,,irse,,,
contcoozi,vt,,,llevar a (un lugar),,,
coha,vi irr,,,hacerse menos,,,
cocom,vi irr,,,estar acostado en,,,
cöcaaacot,vt,,,"dirigir, explicar cómo llegar (a un lugar, a una persona)",,,
cöcaafp,vc,,,"despegar, soltar, desatar, abrir (candado), desabotonar (algo, de algo)",,,
cöcaaha,vt,,,"preparar y guardar (comida, para alguien)",,,
cöcaainim,vc,,,"mezclar (algo, con algo)",,,
caaipot,vc tr,,,pagar a (alguien),,,
cöcaaisx,vt,,,herir (con alguna arma),,,
cöcaaitax,vt,,,"prohibir (algo, a alguien)",,,
cöcaaix,vt,,,"llevar (a alguien, a un lugar)",,,
cöcaamx,vt,,,"decir (algo, a alguien)",,,
caanim,vi,,,cerrado (con la implicación en muchos casos que no hay lugar),,,
cöcaapacot,v ben,,,cubrir (a otra persona) para protegerla de la lluvia,,,
cöcaapasi,vt,,,codiciar,,,
cöcaasitim,vt dat,,,engañar (a alguien),,,
cöcaasot,vc intr dat,,,prestar (algo),,,
cöcaas,vc dat,,,dar (algo) de beber (a alguien),,,
cöcaatajquim,vt,,,"decir (a alguien) cosas ofensivas o difamatorias, insultar",,,
cöcaatni,vc,,,encerrar (de punto a punto),,,
cöcaaz,vc,,,"dar de mamar, amamantar",,,
cöcacaaat,vc,,,prestar atención a,,,
cöcacaato,vc dat,,,pelear por la posesión de,,,
cöcacaaxot,vt,,,buscar (por otra persona),,,
cöcacázinot,vc,,,"agarrar (p.ej., con tenazas)",,,
cöcacázitot,vc,,,obligar a quitar con fuerza,,,
cöcázitot,vc,,,obligar a raptar,,,
cöcacoaat,vc,,,enseñar,,,
cöcacócatx,vc,,,perder (algo que pertenece a otra persona),,,
"cöcacófelim, cöcacófilim",vc,,,hacer tropezar (a alguien),,,
cöcacóhatol,vc,,,mandar (a alguien) con (alguien),,,
cöcacohot,vc,,,mostrar,,,
cöcacomit,vc,,,cubrir completamente con,,,
cöcacómosim,vc,,,pagar algo al curandero,,,
cöcacómzo,vc,,,querer que otro haga algo,,,
cöcacooit,vc,,,guiar,,,
cöcacooix,vc,,,sustraer,,,
cöcacooot,vc,,,llevar por el camino,,,
cöcacooyam,vt dat,,,alabar,,,
cöcacoozit,"vc, v asist",,,ayudar o hacer robar,,,
cöcacópol,vc,,,hacer azul oscuro,,,
cöcacópoxot,vc,,,quitar la piel de,,,
cöcacóquetot,v ben,,,dar dote a (alguien) a favor (del novio),,,
cöcacosot,vc,,,pedir prestado por (alguien),,,
cöcacósx,vc,,,dar poder sobrenatural,,,
cacótoxot,v asist,,,ayudar (a alguien) estirar para que se arregle,,,
cöcacóxemot,vc,,,temer por la seguridad de,,,
cöcacóxetol,vc,,,"entregar (algo, a alguien)",,,
cöcacoxot,vc,,,hacer brincar,,,
cacózixot,v asist,,,ayudar a cortar,,,
cacozxot,v asist,,,ayudar a llevar (una cosa),,,
cöcacozxot,vc,,,entregar,,,
cöcafainot,vc,,,hacer que dé vuelta,,,
cöcahaaj,vc,,,fiel a,,,
cöcahásacot,vt,,,cargar,,,
cöcaheectim,vc,,,transportar,,,
cöcaheexe,vt,,,no permitir,,,
cöcahiihat,vc,,,creer (algo),,,
cöcahílecot,vc,,,dar sorbos,,,
†cöcahíseloj,vt,,,robar,,,
cöcahmeel,vc,,,hacer rosa fuerte,,,
cöcahootij,vc,,,secar,,,
quiiis,vt,,,alerta,,,
cöcalaahit,v ben,,,desear (para otra persona),,,
cöcamáhjö,vc,,,hacer rosa claro,,,
cöcamásol,vc,,,hacer anaranjado,,,
cöcamáxp,vc,,,hacer de color rosa muy pálido,,,
cöcamíxozot,vc,,,hacer rodar hacia abajo,,,
cöcamonjc,vc,,,hacer en forma de zigzag,,,
cöcamoozitot,vc,,,hacer soñar,,,
cöcamozíti,vc,,,dar la mitad de (algo) a (alguien),,,
cöcanáxazot,vc,,,frotar (algo) en (algo),,,
cöcapamot,vc,,,"conectar (algo, a algo)",,,
cöcapaseeeja,vi,,,tener timón,,,
cöcapeenet,vt,,,desear lo mejor para otro,,,
cöcapémetx,vc,,,voltear (algo),,,
cöcapóaax,vc,,,"recargar, inclinar (algo largo en algo)",,,
cöcapócj,vc,,,"recargar, inclinar (algo corto en algo)",,,
cöcapootizx,vc,,,invertir,,,
cöcaqueecotol,vc,,,hacer escuchar,,,
cöcaqueexot,vc,,,hablar de,,,
cöcaquesx,vt,,,distribuir entre todos,,,
cöquisj,vt,,,rociar (con polvo o cosas sueltas),,,
cöcataait,vc,,,encontrar o alcanzar por casualidad,,,
cöcatáxatol,vc,,,alcanzar a (un lugar),,,
catícpan,vi,,,trabajar (especialmente para remuneración),,,
cöcatólecot,v ben,,,pedir ayuda a (alguien) a favor de (alguien),,,
cöcatópatol,vc,,,colorear,,,
cöcatópisot,vc,,,hacer pegarse por succión,,,
cöcayaaixot,vc,,,hacer pelear,,,
cöcayaapa,vt,,,"llenar (algo, con algo)",,,
cöcayácj,vt,,,tirar el segundo arpón,,,
cayaxi,vc intr,,,medir cierta distancia o tamaño,,,
cöcazexet,vt,,,tratar con cariño,,,
coccaacp,vt,,,golpear contra otra cosa,,,
cöqueemij,vt,,,sobrepasar,,,
cöqueemt,vc,,,"abrir (p. ej., plato, caja)",,,
cöqueepit,vt,,,comparar,,,
cocfíz,vt,,,hacer nudo,,,
cöquimac,vt,,,pasar la mitad,,,
cöquiinim,vt,,,"rociar, chapotear (a algo o alguien, con algo)",,,
quitalhaa,vt,,,comprar,,,
cocpísaquim,vt,,,frotar (para sacar filo),,,
cocpófc,vt,,,tirar (líquido o cosas sueltas) contra,,,
cocpooin,vt,,,cerrar,,,
cocqueen,vt,,,tocar con,,,
cocsaaij,vt,,,"sacar con (utensilio como palo, cuchara o vaso)",,,
cocsítox,vt,,,frotar (fósforo),,,
cöcaahjöc,vi,,,sentarse en el suelo con las rodillas elevadas,,,
cöcaahjöim,vi dat,,,atragantarse (con líquido),,,
cöcaah,vc intr,,,"hacer siete veces, poner siete",,,
cöcaaihalx,vi dat,,,protegerse los ojos contra la luz (con las manos),,,
caaipot,vc tr,,,pagar a (alguien),,,
cöcaaitim,vi dat,,,perseguir a,,,
cöcaasitim,vt dat,,,engañar (a alguien),,,
cöcaasot,vc intr dat,,,prestar (algo),,,
cöcajöc,vi,,,hacer continuamente o siempre,,,
cöcamiiit,vi,,,preguntar acerca de,,,
cöcanaafin,vi,,,rodear,,,
cöcapaseeeja,vi,,,tener timón,,,
cöcatiiitx,vi dat,,,apoyarse en,,,
cöcayácj,vt,,,tirar el segundo arpón,,,
coccoiimaj,vi dat,,,enredarse [como enredadera o serpiente],,,
cöqueenim,vd,,,"rociar, chapotear (con algo en cosas)",,,
cöqueesyat,vi dat,,,regalar (como precio por la novia a la familia de ella),,,
cöqueeti,vi dat,,,estar alrededor,,,
cöqueexetim,vi dat,,,negar entregar,,,
cochái,vi,,,soplar [viento],,,
cöquicösaj,v der,,,estar con los codos hacia afuera,,,
cöihiihat,vi irr,,,verídico,,,
cöihiimat,vi irr,,,ser mentira,,,
cöquihmeel,vi dat,,,rosa fuerte (color),,,
cöquiin,vi dat,,,grueso y corto,,,
cöquiin,vi dat,,,tocar ligeramente,,,
cöquiipax,vi dat,,,"trepar, subir trepando",,,
cöquiipni,v der,,,beber con la cara en el agua,,,
cöquimáhjö,vi,,,rosa claro (color),,,
cöquiman,vi,,,arrimarse (a alguien) [siempre con sujeto plural],,,
cöquimasol,vi,,,anaranjado,,,
cöquimáxp,vi,,,rosa muy pálido (color),,,
cöquimix,vi,,,reportar existencia de gran cantidad (de algo),,,
cöquipoaax,vi,,,"inclinarse, recargarse (en algo)",,,
cöquipócj,v der,,,recargarse [cosa corta] (en algo),,,
cöquipootizx,vi,,,estar al revés (invertido),,,
quitalhaa,vt,,,comprar,,,
cöquíyoca,vi,,,derramarse [algo espeso],,,
cocmít,vi,,,entrometido,,,
cocmonjc,vi dat,,,andar en zigzag,,,
cocnaafij,vi dat,,,encorvado sutilmente,,,
cöcoaafp,vi,,,desamarrarse,,,
cöcoaan,vi,,,"extenderse a, alcanzar a, abarcar a, difundirse a",,,
cöcocosot,vi,,,prestar,,,
cöcocótajquim,vd,,,decir cosas ofensivas o difamatorias,,,
cöcofíz,vd,,,empezar canasta haciendo un nudo,,,
cöcoiimozim,vd,,,pensar,,,
cöcomixoz,vi,,,bajar con acción de resbalar,,,
cöcoomlax,vi,,,pegarse [cosas],,,
†cöcoomt,vi,,,limpiarse las manos con arena,,,
cöcootij,vi dat,,,seco,,,
cöcoozp,vi,,,resbalar,,,
cöcoqueen,vd,,,cantar la última canción en la fiesta de la pubertad de la muchacha,,,
cöcoqueepe,vi,,,recibir ayuda de,,,
cöcoqueetx,vd,,,regresar a,,,
cöcozaclc,vi,,,pararse de puntas (para alcanzar algo),,,
cocpám,vi,,,conectado [algo flexible],,,
cocpatyax,vi,,,rayado (con  rayas horizontales),,,
cocpémetx,vi,,,voltearse,,,
cocsiin,vi,,,aprovechar,,,
cocyáx,vi,,,terminar con,,,
coczeemjö,vi dat,,,clavarse,,,
iique,vt irr,,,regalar,,,
imquiin,vi,,,regresar,,,
intica,vi irr,,,ir para allá,,,
intcoozi,vt,,,liberar,,,
imcooit,vi,,,llegar (viento o por el viento),,,
caqueepec,vi vt,,,cazar venado usando una cabeza de venado como señuelo,,,
cayoop,vi vt,,,formar montecitos de lodo o de arena finita mojada,,,
queectim,vt vd,,,viajar en,,,
queaaf,vt,,,"llevar una cuerda puesta en la cintura, arriba de la cadera como los antepasados seris",,,
queaal,vt irr,,,mandar (a hacer algo),,,
caacalcot,v asist,,,"vestir, poner ropa (a otra persona, completamente)",,,
caaca,vt,,,mandar hacer (algo),,,
caacj,v veces,,,ocurrir dos veces,,,
caacmoj,vt,,,envolver (punta de arpón) con cuerda,,,
caacomot,vt,,,dar para esposa,,,
caaco,vc,,,marcar (para señalar el dueño),,,
caacsx,vc,,,despertar (a otro),,,
caactim,vc,,,cortar,,,
caacöim,vt,,,alistar una balsa con palos (para llevar carga),,,
caafc,vt,,,golpear pesadamente,,,
caafin,vt,,,rodear,,,
caahal,vc,,,llevar o mandar (algo con su complemento),,,
caahca,vc,,,poner,,,
caahit,v asist,,,lavar la ropa para (alguien),,,
caahit,vc,,,hacer sonar (sonido musical),,,
caaicot,v asist,,,ayudar a matar,,,
caaihjö,vc,,,hacer rojo,,,
caaijam,vc,,,enrollar,,,
caailcam,vt,,,repartir,,,
caaipj,vc,,,poner a través,,,
caaipj,vc,,,hacer canasta ovalada,,,
caaipot,vc tr,,,pagar a (alguien),,,
caaitom,v veces,,,ocurrir cinco veces,,,
caaitot,vc,,,recordar (a alguien de algo),,,
caai,vt vd,,,hacer,,,
caalḻalḻi,vc,,,hacer aletear,,,
caamac,vt,,,"cocinar maguey (""haamjö"") en un hoyo con piedras calientes",,,
caamn,vt,,,tostar (maíz en una canasta con brasas),,,
caamolquim,vt,,,pelear mano a mano,,,
caam,vt,,,cortar (algo parado o largo),,,
caam,vt,,,lleno de tierra (p.ej. concha),,,
caanim,vi,,,cerrado (con la implicación en muchos casos que no hay lugar),,,
caanjö,vc,,,"poner veneno (hierba de la flecha, ""hehe coáanj"") en las puntas de las flechas",,,
caaom,vt,,,pedir regalado de,,,
caaonamot,v asist,,,poner sombrero en (otra persona),,,
caapjö,vt,,,iluminar,,,
caaplim,vt,,,cubrir (pasivamente),,,
caaplim,vt,,,cubrir (pasivamente),,,
caapo,vt,,,cosechar,,,
caaptxö,vt,,,salir de,,,
caapxa,v veces,,,ocurrir tres veces,,,
caapxölim,vc,,,quebrar (algo largo),,,
caasax,vt,,,abrir (algo que se extiende),,,
caasj,vt,,,extender para secar,,,
caaspoj,vc,,,escribir,,,
caastax,vt,,,extender (p. ej.: alas),,,
†caatjc,vt,,,abrir,,,
caatj,vt,,,golpear (cosa que se estira),,,
caatjö,v exper,,,contento por la dulzura de algo,,,
caat,vt,,,cocinar entre o debajo de las cenizas,,,
caaxit,vc,,,causar tener sed,,,
caaxolim,vt,,,llorar fuertemente,,,
†caayam,vt,,,,,,
haazitoj,vt,,,enfadoso,,,
caazi,vt,,,llevar,,,
caazj,vt,,,enhebrar,,,
caazoj,v veces,,,ocurrir una vez,,,
caazquim,vc,,,hacer entrar,,,
cacaacat,vc,,,hacer salado o amargo,,,
cacaacsx,vc,,,hacer voltear la cabeza,,,
cacaactim,vc,,,causar tener un ataque,,,
cacaaiscan,vc,,,hacer fuerte,,,
cacaaitic,vc,,,hacer suave,,,
cacaaitom,v asist,,,servir como mediador,,,
cacaaixaj,vc,,,"hacer fuerte, fortalecer",,,
cacaaix,vt,,,llevar o cargar con palanca,,,
cacaalim,vc,,,jugar con,,,
cacaamizot,v asist,,,poner camisa a (otra persona),,,
cacaanloj,vc,,,causar tronar,,,
cacaanoj,vc,,,quemar,,,
cacaant,vt,,,aconsejar con autoridad,,,
cacaapis,vt,,,cerrar con presión,,,
cacaapxom,vc,,,engordar,,,
cacaaso,vt,,,ver (por medio de brujería),,,
cacaatajc,vc,,,hacer vomitar,,,
cacaatax,vc,,,mandar (a un mandado),,,
cacaatla,vc,,,amenazar,,,
cacaiit,vc,,,criar,,,
cacamot,vc,,,salvar,,,
cacám,vc,,,dejar con vida,,,
quícanij,vt,,,agitar,,,
cacapat,vc,,,hacer volar,,,
cacapjc,vt,,,apurarse en hacer algo,,,
cacapnij,vc,,,amarrar,,,
cacáp,vt,,,poder levantar (algo pesado),,,
quícatx,vt,,,dejar,,,
quicax,vt,,,agrandar una canasta con palitos para poder llevar más carga,,,
cacázatol,vc,,,ayudar a machacar (con los dientes),,,
quica,vt,,,"poner, echar o tirar (líquido o cosa larga)",,,
cacmiiquet,vc der,,,querer,,,
cacniiix,vc,,,"hacer fluir, echar (líquido, con movimiento despacio)",,,
cacoaazj,vt,,,trenzar,,,
cacócamot,v asist,,,ayudar a bajar,,,
cacocat,vc,,,echar gotas en,,,
cacocat,vc,,,hacer descansar,,,
cacócmoj,vc,,,ayudar a poner el cabello detrás de la oreja,,,
cacócta,v asist,,,ayudar a ver,,,
cacóctim,vc,,,ayudar a cortar,,,
†cacoene,vc,,,hacer daño por medio de brujería,,,
cacófmoj,vc,,,buscar leña para (otra persona o uso),,,
cacóhitim,vc,,,arrebatar comida a un niño o persona incapaz,,,
cacoiit,v asist,,,ayudar a hacer,,,
cacójopot,vc,,,hacer brincar,,,
cacolḻeelḻo,vc,,,tener orgullo de su apariencia,,,
cacómatol,vt,,,ir a escuchar o ver,,,
cacómca,vt,,,parecer ruidoso a,,,
cacómenot,v asist,,,ayudar a limpiar semillas,,,
cacóme,vc,,,acabar a (una persona) con (algo),,,
cacómjc,vc,,,llevar algo para alguien,,,
cacoml,vt,,,agujerear,,,
cacómolquim,vc,,,hacer pelear,,,
cacómosim,v asist,,,pedir comida por (otra persona),,,
cacómoxot,v asist,,,ayudar a destazar,,,
cacomx,vc,,,denunciar,,,
caconec,v asist,,,ayudar a llevar,,,
caconxot,v asist,,,ayudar a llevar (varias cosas),,,
†cacooi,vc,,,ayudar a llevar,,,
cacooomot,v asist,,,ayudar a pedir limosna,,,
cacooo,vc,,,reconstruir,,,
cacooque,vt,,,enrollar (algo) y hacer bola,,,
cacooxat,v asist,,,ayudar a cuidar el bebé de (otra persona),,,
cacooxot,v asist,,,ayudar a cortar por mantener,,,
cacopj,vt,,,tapar los ojos a (alguien),,,
cacosejc,vt,,,sacar espina,,,
cacoso,vt,,,cargar en la espalda,,,
cacospoj,v asist,,,ayudar a escribir,,,
cacotlim,v asist,,,atizar (lumbre) para,,,
cacoxl,vt,,,quedarse con,,,
"cacóyetol, cacóyitol",vt,,,formarse en grupo para defenderse,,,
cacozit,vc,,,pagar (a alguien),,,
cacózixot,v asist,,,ayudar a cortar,,,
cacozxot,v asist,,,ayudar a llevar (una cosa),,,
quicsim,vt,,,masticar (y escupir la fibra),,,
cacsipxa,vc der,,,soldar,,,
quictz,vt,,,cernir,,,
†caacöim,vt irr,,,moler pitaya seca (para sacar un polvo para hacer chapopote),,,
quicönij,vt,,,agitar (un contenedor cerrado),,,
quicösj,vt,,,sacudir,,,
quicö,vt,,,matar,,,
cafeaat,vc,,,dar vista,,,
cafeaa,vc,,,quedarse toda la noche hasta el amanecer,,,
cafícatol,vc,,,abrigar,,,
cafii,vt,,,volver a ganar lo perdido,,,
quifin,vt,,,circundar,,,
cafitot,vc,,,causar o ayudar ponerse de pie,,,
cafito,vc,,,jalar,,,
quifmoj,vt,,,juntar leña,,,
cahaacala,vc,,,hacer lugar para moler vainas de mezquite,,,
cahaacoj,vc,,,hacer grande,,,
cahaacot,v asist,,,hacer casa para,,,
cahaafzx,vc,,,apurarse en hacer algo,,,
cahaahazxot,vc,,,causar estornudar,,,
cahaahnij,vc,,,hacer temblar,,,
cahaaij,vc,,,atarantar,,,
cahaalim,vc,,,bañar (a otra persona),,,
cahaama,vc,,,"poner, meter (líquido)",,,
cahaanipxot,v asist,,,ayudar a regresar a casa,,,
cahaanj,vc,,,asustar,,,
cahaanpx,vc,,,devolver,,,
cahaaol,vc,,,plegar,,,
cahaapl,vc,,,experimentar como frío,,,
cahaapl,vc,,,enfriar,,,
cahaas,vc,,,desinflar,,,
cahaatox,vc,,,estirar,,,
cahaato,vc,,,hacer pelear,,,
cahaatxo,v veces,,,ocurrir muchas veces,,,
cahaaxat,vc,,,causar arder la garganta,,,
cahaazalxot,vc,,,hacer toser,,,
cahaa,vc,,,causar ser,,,
cahácatot,vc,,,hacer nadar,,,
cahacat,vc,,,cegar,,,
cahácotim,vc,,,"cubrir (a otra persona, con cobija)",,,
cahaha,vc,,,agarrar pejerrey,,,
cahájc,vc,,,pedir (líquido),,,
cahaptj,vc,,,hacer ancho,,,
cahapx,vt,,,reportar,,,
cahásaquim,v asist,,,"peinar, cepillar (cabello de otra persona)",,,
cahásquim,vt,,,"llevar, transportar (en camión o panga)",,,
caháxapxim,vc,,,enojarse muchas veces con,,,
caháx,vc,,,manchar (con grasa),,,
quihcö,vt,,,mirar hacia arriba a,,,
cahéaam,vc,,,hacer suficiente,,,
caheeej,vt,,,formar harina de mezquite en pasteles secos,,,
caheefe,vc,,,hacer en forma de gancho,,,
caheefjoj,vc,,,hacer diseño dentado (como en una canasta),,,
caheejim,vc,,,desgastar,,,
caheel,vc,,,hacer rojo,,,
†caheel,vt,,,usar palo para cortar maguey,,,
caheemij,vc,,,mover despacio,,,
caheemn,vc,,,encorvar hacia abajo,,,
caheemotot,vc,,,hacer enojar,,,
caheenetol,vc,,,hacer gritar,,,
caheetot,vc,,,encubrir (a otra persona) con una mentira,,,
caheet,vt,,,usar para apostar en juegos de azar,,,
caheezit,v asist,,,ayudar a ganar dinero,,,
cahehet,vc,,,"hacer líder, presidente, gobernador",,,
cahemet,vc der,,,tener vecino,,,
cahícös,vc intr,,,traer fruta de cacto con espinas,,,
cahihic,vc der,,,quitar semillas,,,
cahiihom,vt,,,atacar sin aviso,,,
cahiiin,vc,,,hacer recalmón,,,
"cahiimetot, cahiimitot",vc,,,dar permiso para casarse,,,
cahiimot,vc,,,hacer dormir,,,
cahiini,vc,,,prohibir o impedir entrada o salida,,,
cahiipet,vc,,,reparar,,,
cahiisaxim,vc,,,echar a andar (motor),,,
cahiisaxot,vc,,,"hacer que vuelva a tener vida, resucitar",,,
cahiixat,vc,,,hacer tener agua,,,
cahiix,vc,,,inflar,,,
cahiixöt,v der,,,hacer remolino (en el mar),,,
cahiizat,vc,,,iluminar con espejo,,,
cahiizitim,vc,,,hacer vivir en un lugar,,,
cahimej,vc,,,girar,,,
cahimoz,vc,,,voltear boca abajo,,,
cahíms,vc,,,poner flecos,,,
cahínco,vc,,,cortar sin cuidado,,,
cahinej,vc,,,vaciar,,,
cahípacot,vc,,,hacer dar la espalda,,,
cahipi,vc,,,hacer bien,,,
cahipxat,vt,,,"hacer tinta [pulpo, etc.]",,,
cahipxa,vc,,,dar de a poquito,,,
cahisil,vc,,,hacer pequeño,,,
cahísjc,vc,,,despiojar (piojo blanco),,,
cahisoj,vc,,,hacer muy grande,,,
cahístalca,vc,,,poner hojas,,,
cahís,vc,,,cocinar insuficientemente,,,
cahitaj,vc,,,quemar,,,
cahítatol,v asist,,,poner pantalón (a otro),,,
cahíta,vc,,,afilar,,,
cahitix,vc,,,usar lo mejor y dejar el sedimento o los asientos,,,
cahitxl,vc,,,hacer puntas de flechas,,,
quihit,vt,,,comer,,,
cahít,vc,,,quitar filo,,,
cahixpxaj,vc,,,hacer suave (como gelatina),,,
cahixt,vc,,,hacer cambio (cambiar dinero),,,
cahíx,vc,,,derretir,,,
cahíxöni,v der,,,choropar (reg.),,,
cahiyat,vc,,,durar un buen tiempo,,,
cahizaj,vc,,,levantar para mirar,,,
cahizj,vc,,,atar,,,
cahizlc,vc,,,ensuciar,,,
cahoaafp,vc,,,hacer botar,,,
cahoaan,vc,,,hacer turbio,,,
cahoaatjö,vc,,,endulzar,,,
cahoálḻalḻi,vc,,,hacer aletear,,,
cahoee,vt,,,arrullar en los brazos,,,
cahoiij,vc,,,hacer tubular,,,
cahoiitoj,vt,,,"cazar al medio día, encontrando el animal descansando en la sombra",,,
cahoiitot,vc,,,gastar (especialmente dinero),,,
cahojoz,vc,,,hacer huir,,,
cahójöz,vc,,,hacer una lomita,,,
cahoocapot,vc,,,unir,,,
cahoocj,vc,,,dar a luz gemelos,,,
cahoocp,vc,,,hacer crecer,,,
cahoof,vc,,,hacer sonar (como el viento),,,
cahoohcö,vc,,,poner en posición vertical y boca arriba,,,
cahooil,vc,,,hacer azul,,,
cahooipj,vc,,,hacer ovalado,,,
cahooitom,vc,,,poner cinco,,,
cahoopol,vc,,,hacer negro,,,
cahooscl,vc,,,motear sin mucho color,,,
"cahooseta, cahoosita",vc,,,sacudir,,,
cahoosit,vc,,,cantar para recibir el poder de,,,
cahoosj,vc,,,hacer rociar,,,
cahoosot,vc,,,hacer angosto,,,
cahoospoj,vc,,,manchar,,,
cahoots,vc,,,"hacer sisear (y salir como spray, en cierto contexto)",,,
cahootxöquij,vc,,,hervir,,,
cahooxot,vc,,,"esparcir (como sal, etc.)",,,
cahooxp,vc,,,blanquear,,,
cahooyam,vt,,,aceptar lo que dice,,,
cahoozaj,vc,,,amontonar,,,
cahoozlil,vc,,,hacer pegajoso,,,
cahopxöt,vc,,,trabajar inesperadamente,,,
cahóteja,vc,,,mover lentamente aquí y allá,,,
cahótitol,vc,,,regresar a posición vertical de posición extendida,,,
cahozt,vc,,,"quitar, remover, sacar (por aflojar)",,,
quiho,vt,,,ver,,,
quíh,vt,,,poner (cosa flexible),,,
cahipit,vc,,,acomodar,,,
quiiis,vt,,,alerta,,,
†quiita,vt,,,reclamar árbol o planta,,,
quii,vt,,,decir a,,,
cajaaptoj,vc,,,violar,,,
cajcápt,vt,,,tirar (con arma a muy corta distancia),,,
quijim,vt,,,entrar [una espina o un aguijón],,,
cajizi,vc,,,hacer agrio (cortado),,,
cajíz,vt der,,,sentir dolor por causa de,,,
cajöamz,vc,,,hacer salir a chorros,,,
cajöázp,vi,,,madura y muy blanda [fruta],,,
calaahi,vt,,,añorar,,,
caliti,vc,,,poner cabeza,,,
calít,vc,,,poner o quitar cabeza,,,
quilp,vt,,,echar un chorrito de líquido de la boca,,,
ical,vt irr,,,acompañar,,,
camaaat,vc,,,callar,,,
camaacot,vc,,,percibir como difícil,,,
†camaaina,vt,,,tratar con cariño,,,
camaaitx,vc,,,ablandar (carne con los dientes),,,
camaasij,vc,,,hacer rodar,,,
camaaxat,vc,,,hacer gris parduzco,,,
camaax,vc,,,hacer bebida alcóholica,,,
camác,vc,,,sacar chispas,,,
quimaj,vt,,,probar o calar (un aparato),,,
camáma,vc,,,cocinar,,,
camápcö,vc,,,fabricar pólvora,,,
camápojquim,vc,,,hacer flotar,,,
camaptx,vc,,,causar reventar,,,
camasij,vc,,,abrir (con cortada),,,
camasol,vc,,,hacer amarillo,,,
quimas,vt,,,torcer (para hacer piola),,,
camátinot,vc,,,dar toque de electricidad,,,
camatis,vt,,,poner a quemar en la lumbre (generalmente una cosa entera),,,
camatj,vc,,,calentar,,,
químatox,vt,,,hacer lumbre con taladro,,,
camcaatxi,vt,,,hacer una ceremonia usando humo para curar a un bebé que llora mucho,,,
cameepit,vi,,,extraño,,,
cameetot,vc,,,entristecer,,,
camequet,vc,,,asar en varilla,,,
cameque,vc,,,calentar,,,
cameque,vc,,,calentar,,,
camihat,vc,,,hacer lentamente,,,
camihj,vc,,,alisar,,,
camiihit,vc,,,matar (a una persona),,,
camiipala,vc,,,arruinar,,,
camiipla,v exper,,,no apreciar,,,
camiisot,vc,,,hacer parecidos,,,
camímojca,vt,,,"extremadamente ansioso, nervioso",,,
camipit,vc,,,,,,
camíticot,vc,,,trenzar el cabello de otra persona con estambre,,,
camizj,vc,,,limpiar (quitando algo),,,
quimjc,vt,,,traer,,,
quimjö,vt,,,ir a la cacería para cazar (cierto animal),,,
quimjö,vt,,,ir a recoger maguey,,,
†quimlc,vt,,,torcer (raíz de mezquite para hacer piola),,,
camoiij,vc,,,jugar el juego del círculo usando rebanadas de pitaya (|fi{Stenocereus thurberi}),,,
camóni,vt,,,hacer rápidamente,,,
camós,vi,,,tener los ojos medio cerrados,,,
camotet,vc,,,pesar,,,
camótjö,vc,,,ablandar,,,
camótni,vc,,,hacer chicharrones,,,
camozimet,vc,,,emborrachar,,,
camsisiin,vc,,,amar,,,
quimx,vt,,,decir,,,
quimzo,vt,,,querer,,,
quim,vt,,,tragar,,,
canaaaij,vc,,,hacer volver,,,
canaail,vc,,,vaciar,,,
canámj,vt,,,"apurarse en hacer algo, sin cuidado",,,
caneaaxot,vc,,,lavar las manos (de otra persona),,,
caneeej,vc,,,hacer (cosa flexible) en una bola,,,
caneepni,vc,,,hacer agacharse,,,
canoocaj,vt,,,"tener, llevar (en los brazos o falda)",,,
canoohcö,vc,,,hacer cóncavo,,,
canópaj,vt,,,meter la mano en un lugar escondido,,,
canópin,vc,,,hacer en forma convexa,,,
canzaait,vc,,,tener cuidado de,,,
quinzx,vt,,,hilar con huso,,,
capaainj,vc,,,hacer caer rodando,,,
capaain,vc,,,causar caer en,,,
capaaisx,vc,,,limpiar,,,
capacta,vc,,,hacer,,,
capámas,vt,,,guiñar el ojo,,,
capámiz,vc,,,menear,,,
capámjöc,vt,,,majar vainas de mezquite con agua para hacer masa,,,
capamlc,vc,,,"frotar y formar bolitas (p.ej., piel, lodo)",,,
capám,vc,,,moler vainas de mezquite,,,
capánomot,v asist,,,lavar el cabello a (otra persona),,,
capánozxot,vc,,,hacer correr,,,
capaps,vc,,,hacer seco (sin mucho líquido),,,
capásax,vt,,,abrir y estirar,,,
capási,vc,,,causar arrugas,,,
capátjc,vc,,,"abrir (p. ej., libro)",,,
capátj,vc,,,aplastar,,,
capát,vt,,,hacer percha para secar carne,,,
capáxoz,vc,,,quitar,,,
capazaatoj,v asist,,,poner zapatos (a otra persona),,,
†capeehelquim,vt,,,ayudar,,,
capeetij,vc,,,hacer circular,,,
capene,vt,,,"quitar espinas (de los cactos ""ool"" o ""ziix is caapxl"")",,,
capiicjim,vt,,,extenderse para ver,,,
capísica,vc,,,"hacer extraordinariamente pequeño (ojo, boca, abertura)",,,
quipis,vt,,,fumar,,,
capitol,vc,,,hacer hinchar por gas,,,
quipiz,vt,,,chupar (p.ej. para sacar jugo),,,
quipjc,vt,,,llevar colgado en el cuello,,,
capjoaat,vt,,,revolotear en dos dedos,,,
†capjöíti,vt,,,cuidar con cariño (a un bebé),,,
quipl,vt,,,lamer,,,
capnaaatol,v asist,,,poner falda (a otra persona),,,
capninit,vc,,,vendar los ojos a,,,
capocjitac,vt,,,"pelar el exterior del torote (""haat"") para hacer material para canastas",,,
capocj,vc,,,"quitar (p.ej., caparazón)",,,
capoct,vc,,,llenar,,,
capóc,vc,,,volcar,,,
capoee,vt,,,cosechar trigo de mar flotante,,,
quípolim,vt,,,"juntar leña pequeña, basurita",,,
capooin,vc,,,torcer,,,
capootita,vc,,,tirar aquí y allá,,,
capootosa,vt,,,amarrar el cabello detrás de la cabeza,,,
capoozi,vc,,,hacer con forma que tiene una parte más angosta,,,
†capooztaj,vt,,,aprender un poco,,,
quípoquim,vt,,,meter cosa polvorosa (p.ej. pinole) en la boca,,,
quipot,vt,,,pagar (algo por algo),,,
capót,vc,,,hacer girar,,,
quipox,vt,,,arrancar (cosas de su lugar),,,
capreent,vt,,,empeñar,,,
captasat,vc,,,traer mala suerte,,,
quiptx,vt,,,juntar (con las manos),,,
quipt,vt,,,arrancar (cosas blandas o sueltas),,,
capxásit,vc der,,,filetear (sacar la carne de la piel y de los huesos),,,
capxazl,vt,,,cubrir,,,
capxeezc,vi,,,tener forma de cuña o con una parte más ancha expuesta,,,
quipxoj,vt,,,soplar,,,
quip,vt,,,picar [insecto],,,
quip,vt,,,escarbar (usando instrumento),,,
caqueeejim,vt,,,esperar,,,
caqueefez,vc,,,hacer sonido de chasquido,,,
caqueht,vc,,,moverse con movimiento oscilatorio equilibrado,,,
quiquim,vt,,,"poner (cosas chicas, cosas sueltas)",,,
caroocot,vc,,,volver loco,,,
casaacajam,vt,,,poner el brazo (para abrazar o soportar),,,
casaamij,vc,,,enrollar (en círculo),,,
casaii,vt,,,levantar desde el fondo del mar con pollero,,,
casápot,vt,,,hacer caer de su mano,,,
quísaquim,vt,,,peinar,,,
casiiinot,vc,,,hacer para que aproveche,,,
casiijim,vc,,,hacer,,,
casiimet,vc der,,,hacer pan,,,
casimta,vc,,,sentir hormigueo,,,
casípitxot,vc,,,limpiar (a otro) después de que defeca,,,
casít,vt,,,ponerse aretes,,,
quisi,vt,,,beber,,,
casleepec,vc,,,despiojar (la cabeza de otro),,,
casliiquit,vc,,,molestar,,,
quisl,vt,,,hurgar (cosa blanda) en,,,
casmeeneja,vt,,,hacer astil de flecha,,,
casnaapcoj,vc,,,afilar (serrucho),,,
casnaapit,vc,,,molestar,,,
quisnan,vt,,,insertar,,,
quisni,vt,,,asar,,,
casoaaj,vc,,,cruzar en forma de cruz,,,
casoocati,vt,,,amarrar,,,
casooma,vc,,,hacer la estructura para una enramada,,,
†casoompx,vt,,,llevar (cosa larga) bajo el brazo,,,
quiso,vt,,,pedir prestado,,,
quispx,vt,,,aventar (granos),,,
casquita,vt,,,negarse a compartir,,,
castoiinim,vc,,,causar estar de lado,,,
casxapa,vc,,,poner techo,,,
casxeenot,vc der,,,pensar bien de,,,
quisx,vt,,,contar,,,
cataaca,vt,,,mandar (a una persona),,,
cataaho,vc,,,preparar,,,
cataaij,vt,,,llevar en el hombro,,,
cataaij,vc,,,hacer girar (trompo),,,
cataamalca,vc,,,causar tener cuernos,,,
cataamatot,v asist,,,poner los huaraches (a otra persona),,,
cataamax,vt,,,arrancar trigo de mar que está creciendo,,,
cataamj,vi,,,ahorquillado,,,
cataap,vt,,,causar pus,,,
cataasim,vc,,,hacer espuma,,,
cataasitot,vc,,,dar nombre a,,,
quítajc,vt,,,vomitar,,,
catápjö,vc,,,machucar,,,
catápolquim,vc,,,quebrar,,,
catascar,vc,,,hacer tortillas,,,
catáxl,vt,,,alcanzar,,,
catázata,vt,,,cortar carne en tiras,,,
cateecya,vt,,,comparar con (otra cosa de una categoría superior),,,
cateelot,vc,,,poner la falca (a una panga),,,
cateemloj,vi,,,tener forma dentada,,,
cateenot,vc der,,,cerrar (algo cilíndrico),,,
cateepx,vc,,,poner (en algo como un cojín),,,
cateexotol,vc,,,causar perder peso (por cualquier razón),,,
catiij,vt,,,terminar de hacer,,,
quitlc,vt,,,hacer cosquillas,,,
quitni,vt,,,hacer contacto (punto) con,,,
catócnij,vc,,,formar bolitas,,,
catolec,vt,,,pedir ayuda a,,,
"catóne, catóni",vt,,,declararse dueño de fruta inmadura,,,
catoomn,vt,,,masticar o cortar fácilmente,,,
catooto,vt,,,llamar (a un animal),,,
catoozi,vc,,,amasar,,,
†catopot,vt,,,pagar (a alguien),,,
quitox,vt,,,extender,,,
quitp,vt,,,escupir (cosas pequeñas),,,
catxiin,vt,,,"hacer cayahual (anillo de fibra, forrado con estambre, que usa en la cabeza la mujer cuando carga algo)",,,
quitxi,vt,,,hacer pedos,,,
quix,vt,,,evitar comer,,,
caxaapit,vc,,,dejar pasar la noche,,,
caxaa,vc der,,,cosechar raíces (para comer),,,
caxápotol,vc,,,dar alucinaciones,,,
caxápz,vc,,,hacer congelar,,,
caxátlc,vc,,,hacer tortillas,,,
quixi,vt,,,terminar,,,
†quixnij,vt,,,regañar,,,
caxólocot,vc,,,dar a sorber,,,
caxonj,vc,,,aflojar,,,
caxopt,vc,,,extinguir,,,
quixop,vt,,,llevar con palo sobre el hombro,,,
quixpx,vt,,,enojarse con,,,
quixquim,vt,,,tirar (cosa larga),,,
quixquim,vt,,,tirar,,,
caxtámati,vc,,,tener en abundancia,,,
cayaacanot,vc der,,,dar armas a,,,
cayaaicoj,vc der,,,filetear (pescado),,,
cayaaixot,vt,,,dar en casamiento sin fiesta y sin regalos,,,
cayaamot,vc,,,tardar en hacer,,,
cayeenot,vc,,,hacer cara (como en una muñeca),,,
cayooz,vt,,,adorar,,,
cazaaat,vc,,,juntar,,,
cazaacamot,vt,,,embridar (al caballo),,,
cazaac,vc,,,orgulloso,,,
cazaahox,vc,,,iluminar,,,
"cazaainim, cazaainot",vc,,,anclar,,,
quizaj,vt,,,verter de un envase a otro,,,
cazápatol,v asist,,,coser para (alguien),,,
cazázinot,vc,,,tejer,,,
cazázni,vc,,,enredar,,,
cazeee,vc der,,,hacer tiras de torote (para usar en la fabricación de canastas),,,
caziix,vc der,,,apreciar (a una persona),,,
quizin,vt,,,tostar (con arena caliente o piedras calientes),,,
cazípop,vt,,,cortar hojas (pencas) de maguey,,,
quizix,vt,,,cortar,,,
quizi,vt,,,mamar,,,
quizjc,vt,,,amontonar,,,
quizlax,vt,,,desparramar,,,
quizlim,vt,,,"recoger (algo) sin que sea el propósito del trabajo, muchas veces un poco de esto y un poco de eso",,,
quiznij,vt,,,guisar,,,
quizni,vt,,,llevar por la agarradera,,,
cazooxolcam,v veces,,,ocurrir ocho veces,,,
cazooxöc,v veces,,,ocurrir cuatro veces,,,
quiztoj,vt,,,"cocer con agua (como café, avena o atole)",,,
quizt,vt,,,tatuar,,,
quizxlim,vt,,,causar erupción a (alguien),,,
quiya,vt irr,,,saber,,,
ica,vt irr,,,moler (granos o semillas),,,
ccaaat,vt,,,tostar (en arena caliente o en sartén),,,
ccaaf,vt,,,causar perder el conocimiento,,,
ccaaij,vt,,,mover,,,
ccaail,vt,,,tener extra,,,
ccaain,vt,,,juntar ramas para hacer recalmón,,,
ccaaix,vt,,,llevar,,,
ccaaix,vt,,,poner (cosa dura o redonda),,,
ccaai,vt,,,colgar (algo),,,
ccaao,vt,,,ronzar,,,
ccaat,vt,,,mover a un lado con moción rápida,,,
ccaa,vt,,,buscar,,,
ccacj,vt,,,tajar,,,
ccafz,vt,,,mordisquear,,,
ccaiit,vt,,,tirar hacia (con arma),,,
†ccaiix,vt,,,encender (lumbre),,,
ccanaj,vt,,,masticar o mascar con las muelas,,,
ccapjö,vt,,,morder (algo jugoso),,,
ccaptxö,vc,,,hacer abertura,,,
ccapx,vt,,,"quebrar o morder (cosa dura, con los dientes)",,,
ccapzx,vc,,,arrancar,,,
ccatxla,vt,,,morder con enojo [como perro],,,
ccat,vt,,,"morder (pedazo grande, como hace un tiburón)",,,
ccaxoj,vt,,,morder con los dientes delanteros,,,
ccaxz,vt,,,raspar contra,,,
ccazit,vt,,,quitar con fuerza,,,
ccazlil,vt,,,machacar (con los dientes),,,
ccazni,vt,,,morder [víbora],,,
ccazx,vc,,,partir (algo blando),,,
ccoii,vt,,,indicar interés intenso en acompañar en un viaje,,,
ccooi,vt,,,estar con (alguien) en muchos viajes,,,
ccoos,vt,,,olvidar,,,
ccooxa,vt,,,cantar a (un niño que uno está cuidando),,,
ccooz,vt,,,robar,,,
queaaz,v der,,,tener como abuelo materno,,,
queaa,v der,,,"tener como padre, llamarle padre [hombre]",,,
queac,v der,,,tener como sobrino o sobrina (hijo o hija de la hermana del hombre),,,
queefelim,vt,,,tropezar con,,,
queejöc,vt,,,traer,,,
queemetim,vc,,,borrar,,,
queeme,vc,,,acabar con,,,
queemoz,vt,,,pelar,,,
queepec,vi,,,encimados en orden,,,
queeponim,vt,,,masticar con ruido,,,
queequez,v der,,,tener como hermano menor [mujer],,,
queetej,vt,,,pelar (algo redondo),,,
queete,vt,,,insertar,,,
queetim,vt,,,hacer a un lado,,,
queetol,vt,,,empujar,,,
queexem,vt,,,respetar al no decir (nombre),,,
quiye,vt irr,,,"dar, regalar (comida a alguien)",,,
quimen,vt,,,"tirar de un lado a otro (p.ej., semillas para limpiarlas)",,,
químetx,vt,,,atornillar,,,
quípeza,vt,,,lamerse los labios,,,
quequeect,v der,,,tener como suegro o suegra [hombre],,,
quique,vt,,,regalar,,,
quíselax,vt,,,escarbar (una cosa minuciosa),,,
quísijc,vt,,,buscar espina,,,
†quite,vt,,,curar (por medio del curandero),,,
queexl,vt irr,,,comprar,,,
quiixl,vt irr,,,agarrar,,,
cfain,vt,,,amarrar (con muchas tiras),,,
cficj,vt,,,"ponerse o llevar (blusa, camisa)",,,
cfizo,vt,,,levantar,,,
quicaacat,v der,,,tener como nieto o nieta (hijo o hija de la hija de ella),,,
quicaaitz,v der,,,tener como cuñado (esposo de la hermana mayor de ella),,,
quicaasac,v der,,,tener como nieto o nieta (hijo o hija del hijo de ella),,,
quicacáma,v der,,,tener como yerno,,,
quicámaz,v der,,,tener como nuera,,,
quicatazata,v der,,,tener como cuñada (esposa del hermano mayor de él),,,
quicmaahaj,v der,,,tener como sobrino o sobrina (hijo o hija del hermano menor de un hombre),,,
quicmajeete,v der,,,tener como cuñada (hermana mayor de su esposa),,,
quicmeehej,v der,,,tener como cuñado (hermano mayor de su esposo),,,
quicoaacat,v der,,,tener como cuñada (esposa del hermano de ella),,,
"quicomiiquet, quicomiiquit",v der,,,tener como hijastro o hijastra,,,
"quicoomet, quicoomit",v der,,,tener como hermana menor [hombre],,,
quicseenpx,vt,,,llevar (cosa grande) bajo el brazo,,,
quictám,v der,,,tener como cuñado (esposo de la hermana de él),,,
quiictim,vt,,,cruzar,,,
quiic,vt,,,sembrar,,,
quihiicx,vt,,,estar cerca,,,
quiict,v der,,,tener como abuela materna,,,
quiiha,vt,,,tener,,,
quiip,vt,,,llevar en la cabeza,,,
quiitz,v der,,,tener como tío paterno menor,,,
quiixim,vt,,,temer,,,
quii,vt,,,oír,,,
quilxcmaam,v der,,,"tener como concuña, concuñada (esposa del hermano de su esposo)",,,
quiima,v der,,,ser  padre (para una mujer),,,
†quimaacat,v der,,,tener como hermano mayor [mujer],,,
quimáhaj,v der,,,tener como tío paterno mayor,,,
quimaquéte,v der,,,tener como cuñada (hermana menor de su esposa),,,
quiimaz,v der,,,tener como abuela paterna,,,
quiimox,vt,,,cortar (carne) en pedazos,,,
quiimt,vt,,,abrirse,,,
quiimt,vt,,,frotar,,,
quiinj,vt,,,gritar a,,,
quintaacat,v der,,,tener como tía materna menor,,,
quinyaacat,v der,,,tener como hermano mayor [hombre],,,
quipaacat,v der,,,tener como hermana mayor [hombre],,,
quiipaz,v der,,,tener como abuelo paterno,,,
quipix,vt,,,despejar la garganta,,,
quiipi,vt,,,apreciar mucho,,,
quiipjc,vt,,,atrapar,,,
quiiptim,vt,,,cosechar,,,
quiipxaz,v der,,,tener como sobrino o sobrina (hijo o hija de la hermana mayor de la mujer),,,
quiip,vt,,,enderezar,,,
quiqueemez,v der,,,tener como suegra [mujer],,,
quiqueemot,v der,,,tener como cuñado (hermano de su esposa),,,
quiqueepez,v der,,,tener como suegro [mujer],,,
quiqueequet,v der,,,tener como cuñada (hermana de su esposo),,,
quiqueetz,v der,,,tener como cuñado (hermano menor del esposo),,,
quiqueezi,v der,,,tener como nieto o nieta (hijo o hija de la hija del hombre),,,
quiquiipaz,v der,,,tener como nieto o nieta (hijo o hija del hijo del hombre),,,
quiquiitaz,v der,,,tener como sobrino o sobrina (hijo o hija del hermano mayor del hombre),,,
quisaacat,v der,,,tener como hijo [hombre],,,
quisnej,vt,,,tener modestia en asuntos morales,,,
quiisxö,vt,,,esconder,,,
quiis,vt,,,fallar,,,
quitaai,vt,,,suceder al mismo tiempo,,,
quitai,vt,,,aguantar,,,
quitalhaa,vt,,,comprar,,,
quitalxiicom,v der,,,"tener como concuño, concuñado (esposo de la hermana de la esposa)",,,
quiita,v der,,,tener como madre,,,
quitcamáhaj,v der,,,tener como sobrino o sobrina (hijo o hija de la hermana menor de la mujer),,,
quiitcaz,v der,,,tener como hermana menor [mujer],,,
quitcmajeem,v der,,,tener como cuñado (esposo de la hermana menor de ella),,,
quiitla,vt,,,no poder entrar,,,
quiitlim,vt,,,atizar lumbre con,,,
quitmáhaj,v der,,,tener como tía materna mayor,,,
†quit,vt,,,detener,,,
quixaacat,v der,,,tener como tío materno,,,
quixiihat,v der,,,tener como hermano mayor,,,
quixoj,vt,,,"secarse [fruta del cardón, sahuaro, pitaya o pitaya agria]",,,
quiixoz,vt,,,rascar (para limpiar piel de animal),,,
quixöp,vt,,,frotar (para quitar pelo de la piel),,,
quiixö,vt,,,saltar sobre,,,
quiyal,vt,,,defender,,,
quizaacat,v der,,,tener como hermana mayor [mujer],,,
quizaah,vt der,,,tener como fecha de cumpleaños,,,
quizcapxla,v der,,,llevar debajo del brazo cerca del sobaco,,,
quiizcaz,v der,,,tener como hermano menor [hombre],,,
quiizi,vt,,,ganar a,,,
quizmiit,v der,,,tener como tío materno,,,
quizoocat,v der,,,tener como sobrino o sobrina (hijo o hija del hermano de la mujer),,,
quiztim,vt,,,llevar en la cadera,,,
cjax,vt,,,aspirar,,,
cjiit,vt,,,hacer caer,,,
cmaanoj,vt,,,frotar entre las manos,,,
cmihzx,vt,,,resbalar en,,,
cmiiit,vt,,,preguntar a (alguien),,,
cmis,vt,,,parecerse a,,,
cmoozi,vt,,,soñar con,,,
cnaaij,vt,,,agarrar,,,
cnaft,vt,,,tomar un puñado,,,
cnaxz,vt,,,pasar la mano con presión para quitar algo,,,
cnazquim,vt,,,"agarrar con los dedos o garras, especialmente por el cabello",,,
†cneec,vt,,,llevar tonelete,,,
cneefc,vt,,,"pegar (con el dedo, como a canicas)",,,
cneexöni,vt,,,acercarse mucho a (especialmente acostado),,,
cneezj,vt,,,machacar,,,
cnexe,vt,,,sobar,,,
cnifz,vt,,,dar una patada a,,,
cnip,vt,,,"golpear, pegar (especialmente con la mano)",,,
cnopij,vt,,,causar hundirse,,,
cói,vt,,,traer en un viaje,,,
coocta,vt,,,mirar,,,
cooi,vt,,,ir con la intención de conseguir,,,
cooi,vt,,,despiojar,,,
coonl,vt,,,batir,,,
coon,vt,,,llevar (varias cosas o sustancia),,,
†coosixoj,vt,,,incitar a pelear,,,
coziictim,vd,,,poner (leña gruesa) en la lumbre,,,
cpii,vt,,,probar (comida),,,
cpim,vt,,,hacer huaraches de cuero,,,
cpisij,vt,,,cortar en tiras,,,
cpop,vt,,,palpar,,,
cqueecöl,vt,,,escuchar,,,
cqueeenim,vt,,,mover de un lado a otro,,,
cqueeex,vt,,,cortar cabello,,,
cqueefz,vc,,,hacer sonar como chasquido,,,
cqueejc,vc,,,mojar,,,
cqueejc,vc,,,hacer estallar (p.ej. dinamita),,,
cqueemj,vc,,,aclarar,,,
cqueenla,vc,,,hacer sonar (como campana o golpe),,,
cqueepe,v exper,,,apreciar,,,
cqueepojquim,vc,,,hacer sonido como de golpe o pisada,,,
cqueesnij,vc,,,indecente en asuntos sexuales,,,
cqueetc,vc,,,hacer caer a gotas,,,
cqueetij,vt,,,levantar parcialmente,,,
cqueetjij,vc,,,hacer pudrir,,,
cqueetx,vt,,,sustraer,,,
cqueex,vc,,,inflar,,,
cqueexöp,vc,,,hacer crujir,,,
cqueezi,vt,,,hacer ramada,,,
cqueezla,vt,,,pasar (líquido) [contenedor],,,
cquésejc,vt,,,roer,,,
cques,vt,,,cubrir completamente,,,
cquetej,vt,,,morder y quitar,,,
csaailxim,vt,,,raspar a un lado,,,
csacj,vt,,,llevar (a un niño) en la cadera,,,
csaii,vt,,,sacar con pollero,,,
csaitx,vt,,,levantar (con palo chico),,,
csanj,vt,,,llevar (a un niño) en la espalda,,,
csap,vt,,,dar un manazo a,,,
csic,vt,,,"moler (grano, cosa seca)",,,
csicöx,vt,,,mecer,,,
csiiin,vt,,,acostarse o sentarse cerca de,,,
csii,vt,,,oler,,,
csiptj,vi,,,echar chispas,,,
csiptx,vt,,,limpiarse (de algo) después de defecar,,,
csipxoj,vt,,,chiflar a,,,
csitj,vt,,,amarrar palos en un marco para hacer una cuna portátil,,,
csitmoj,vt,,,levantar (con dos palitos),,,
†csixöc,vt,,,filetear,,,
csoaaj,vt,,,cruzarse con,,,
ctaai,vt,,,llevar tonelete,,,
ccactim,vt,,,manejar,,,
ccálajquim,,,,beber a lengüetazos con mucho ruido (como un perro),,,
ctam,vt,,,"arrancar, cosechar (plantas tiernitas)",,,
ctapzx,vt,,,señalar,,,
ctapzx,vt,,,resbalarse,,,
ctaxim,vt,,,rascar,,,
ctaxoj,vt,,,raspar fuertemente,,,
ccaxz,vt,,,"golpear, pegar (con cosa larga)",,,
ctaxz,vt,,,arañar,,,
ctázita,vt,,,triturar (reg.),,,
cqueenj,vt,,,tocar (instrumento de cuerda),,,
cqueepxalim,vt,,,violar (a una mujer),,,
cteepx,vt,,,sentarse en,,,
cqueetni,vt,,,dar golpecitos,,,
cquepx,vt,,,aletear,,,
cquiimix,vt,,,hablar muy bien acerca de,,,
ctiin,vt,,,rebanar (carne),,,
ctiipjöc,vt,,,apretar (con la mano),,,
ctiip,vt,,,"pellizcar (una sustancia como polvo, con los dedos)",,,
ctiis,vt,,,empujar para abajo del agua,,,
ctiixp,vt,,,exprimir,,,
cquii,vt,,,sentir,,,
cquimoz,vt,,,pensar de (opinión),,,
cquim,vt,,,tirar (piedras) a,,,
ctins,vt,,,escamar,,,
ctiptx,vt,,,tocar ligeramente con un golpecito usando cuatro dedos para llamar la atención de otra persona,,,
ctis,vt,,,señalar (con el dedo),,,
ctitjö,vt,,,pellizcar (tramo grande con las uñas),,,
cquizj,vt,,,moler,,,
cquizo,vt,,,levantar (objeto pesado),,,
ctopis,vt,,,pegarse por succión,,,
ctopl,vt,,,manchar,,,
ctose,vt,,,hacer en pedazos (carne),,,
ccotz,vt,,,chupar,,,
cxaain,vt,,,juntar (especialmente con las manos),,,
cxap,vt,,,escarbar,,,
cxolcö,vt,,,sorber,,,
cyaacat,v der,,,,,,
cyaai,vt,,,ir a,,,
†cyaai,vt,,,"ayudar a bajar o levantar (carga, cara a cara)",,,
cyaazi,vt,,,reclamar,,,
cyaa,vt,,,poseer,,,
cyacj,vt,,,tener hermano o hermana,,,
cyai,vt,,,estar cara a cara,,,
cyai,vt,,,oponerse a,,,
czaaij,vt,,,cortar en círculo,,,
czaain,vt,,,hacer cerco con,,,
czaai,vt,,,estar en muchos pedazos,,,
czactim,vt,,,"cortar el paso, interceptar",,,
czacöz,vt,,,picotear,,,
czam,vt,,,fijar en un lugar (cosa que se para),,,
czaplim,vt,,,coser,,,
czaxaz,vt,,,arañar,,,
czaxö,vt,,,hablar con,,,
czaz,vt,,,"clavarse en el mar, desde arriba, para pescar",,,
czazni,vt,,,enredarse con,,,
czexe,vt,,,hacer un rasguño o incisión,,,
cziictim,vt,,,poner (leña gruesa) en la lumbre,,,
cziim,vt,,,apreciar,,,
cziiom,vt,,,"chamuscar, tostar con la llama",,,
cziixepxat,vt,,,agarrar regalo de la casa de la familia de la novia en el día del casamiento,,,
czipeecoj,vt,,,besar al aire con ruido,,,
czip,vt,,,besar,,,
czxoc,vt,,,cortar pedazos (con un cuchillo),,,
quiicö,vt,,,ladrar a,,,
quiijam,vt,,,enrollarse con,,,
quiij,vt,,,acarrear agua,,,
quiinim,vt,,,mezclarse con,,,
quiin,vt,,,tener en un lado de la boca,,,
quiis,vt,,,masticar fibra para extraer el jugo,,,
quiiix,vt,,,irse de,,,
quiiom,vt,,,pedir regalado,,,
imcoozi,vt,,,mandar aquí,,,
mocqueetx,vt,,,traer,,,
moca,vi irr,,,venir,,,
mocom,vi irr,,,venir acostado,,,
ooque,vi irr,,,hacer (alguna acción),,,
caa,vi,,,hacer daño [comida] a,,,
caacj,v veces,,,ocurrir dos veces,,,
caacni,vi,,,"encorvado, arqueado",,,
caacoj,vi,,,grande,,,
caactoj,vi,,,"perderse [fruta, secarse en la planta]",,,
caafzx,vi,,,rápido,,,
caahataj,vi,,,casi madura [fruta],,,
†caahi,vc intr,,,"imitar la voz del cervato (para cazar, utilizando la hoja de ciertas plantas como ""hamísj"" o ""haat"")",,,
caahnij,vi,,,temblar,,,
caahzx,vi,,,estornudar,,,
caaij,vi,,,atarantado,,,
caail,vi,,,"espacioso y abierto, amplio [lugar]",,,
caaitom,v veces,,,ocurrir cinco veces,,,
caajc,vi,,,bostezar,,,
caaj,vi,,,desesperar,,,
caalim,vi,,,jugar,,,
caama,vi,,,"llenarse con líquido (sobre todo, agua) por acción de percolación",,,
caamjö,vd irr,,,ir a la cacería,,,
caanapoj,vi,,,tambalearse,,,
caanim,vi,,,cerrado (con la implicación en muchos casos que no hay lugar),,,
caanj,vi,,,sorprenderse,,,
caanpx,vi,,,regresar al lugar de residencia,,,
caan,vi,,,con irregularidad con una pequeña curva en una superficie vertical,,,
caaol,vi,,,caracterizado por tener una ranura o una zanja no muy honda,,,
caapca,vc intr,,,cubrirse en la lluvia,,,
caapj,vi,,,atragantarse (con sólido),,,
caapjöquij,vi,,,golpear el mar (para atraer a los peces),,,
caapl,vi,,,frío,,,
caapxa,v veces,,,ocurrir tres veces,,,
caasalca,vi,,,sentarse o acostarse con las piernas extendidas,,,
caas,vi,,,desinflarse,,,
caati,vi,,,cantar (canciones relacionadas con venado bura),,,
caatotim,vi,,,andar despacio (como tortuga),,,
caato,vi,,,pelear,,,
caaxapoj,vc intr,,,"mostrar las partes blancas (y por extensión, las partes íntimas) del cuerpo",,,
caaxat,vi,,,estar con humo o vapor,,,
†caayam,vi,,,cazar caguama desde la playa,,,
caazoj,v veces,,,ocurrir una vez,,,
†caazo,vi,,,vigilar la venida de algo,,,
caazxl,vi,,,toser,,,
haa,vi irr,,,herirse (piel y carne),,,
caa,vd,,,moler (granos o semillas),,,
†caa,vi,,,"plano, aplanado",,,
cacaapca,vc intr,,,hacer llover,,,
cacaatol,vi,,,peligroso,,,
cacat,vi irr,,,nadar,,,
cacat,vi,,,amargo,,,
cacohot,vi,,,maravilloso,,,
cacozim,v exper,,,tener calor,,,
caco,vi,,,obvio,,,
cacsx,vi,,,despertar,,,
cactim,vi,,,cortado,,,
†cactoj,vi,,,rojo,,,
cacösxaj,vi,,,largo,,,
cacötim,vi irr,,,cubrirse o taparse (como con cobija),,,
cafaa,vi,,,desear buena suerta hacia (alguien),,,
cafiix,vi,,,sonar misteriosamente (como en un campo abandonado),,,
caafp,vi irr,,,llegar,,,
cafzx,vi,,,liviano,,,
hapx,s,,,lugar afuera,,,
cahaapl,v exper intr,,,tener frío,,,
cahaatim,vi,,,estar en contra de,,,
cahaatxo,v veces,,,ocurrir muchas veces,,,
cahai,vi,,,provocar trémulos en la superficie del mar [generalmente peces],,,
cahamoc,vi,,,hacerse noche,,,
cahanl,v veces,,,ocurrir diez veces,,,
caha,vi irr,,,ir en grupo grande [cualquier especie de pez],,,
cahcaail,vi,,,faltar,,,
caahca,vi irr,,,estar situado,,,
cahcniiix,vi,,,fluir fuertemente,,,
caheehtim,vi,,,vagar,,,
cahemej,vi,,,zarpar,,,
cahícös,vc intr,,,traer fruta de cacto con espinas,,,
cahiipa,vi,,,"hacer saltos acrobáticos, hacer maromas",,,
†cahiixilḻa,vi,,,tener miedo,,,
cahínata,vi,,,tener pelo en los cuernos y más gordura [venado],,,
cahizoj,vi,,,ser espejismo,,,
cahjiit,vi,,,clavarse [ave],,,
cahmaaco,vi,,,inobvio,,,
cahmác,vi,,,echar chispas,,,
cahmazaj,vi,,,extra grande y de forma globular,,,
†cahneega,vi,,,grande [bolsa],,,
cahntáxalim,vi,,,enojarse fácilmente,,,
cahntaxl,vi,,,"estar cerca, estar al alcance",,,
cahpizl,vi,,,tener una proyección,,,
cahsnaailc,vi,,,tener corteza áspera,,,
†cahsoom,vi,,,débil por hambre o cansancio,,,
cahtaap,vi,,,tener pus,,,
cahtaasim,vi,,,espumoso,,,
cahtoopj,vi,,,"caerse de la planta [cosa densa, como fruta o semilla]",,,
cahtxima,vi,,,rico,,,
cahxoomjoj,vi,,,rielar,,,
cahzínz,vi,,,"inmadura [vaina de mezquite, segunda etapa]",,,
caiitim,vi,,,hacer,,,
caii,vi irr,,,despertar parcialmente,,,
caitoj,vi irr,,,extenderse en el suelo,,,
cajoeene,vc intr,,,levantar polvo,,,
cajöázp,vi,,,madura y muy blanda [fruta],,,
†cajöc,vi,,,seco,,,
†camaaina,vi,,,"remar despacio, sin levantar el remo de la panga",,,
camác,vi,,,soplar [ballena o tonina],,,
camatj,vc,,,calentar,,,
†camaxoj,vi,,,comer la gelatina del caparazón (carapacho) de la caguama,,,
cama,vi,,,"tener poder espiritual, como de brujo",,,
cameepit,vi,,,extraño,,,
cameque,vc,,,calentar,,,
camitc,vc intr,,,trenzarse el cabello con estambre,,,
camootj,vi,,,ahorquillado,,,
camós,vi,,,tener los ojos medio cerrados,,,
camoz,vi,,,"pensar, creer",,,
canaao,vc intr,,,maullar,,,
†canaasilc,vi,,,dar a luz muchos hijos (más que nueve),,,
cancl,vi,,,oxidado con hoyitos,,,
canj,vi,,,tronar,,,
canoj,vi,,,arder con zumbido,,,
canooij,vi,,,causar remolinos en la superficie del mar (pez u otro animal marino),,,
canoozic,vi,,,fruncir el entrecejo,,,
capásiro,vc intr,,,pasear,,,
hapaspx,vi irr,,,feo,,,
capazpx,vi,,,defecar en el pantalón por miedo o susto,,,
capca,vi imp,,,"llover, precipitar",,,
capii,vi,,,tener sabor a,,,
caplactim,vi,,,hacer sonido de palmada al golpear el agua o al masticar,,,
capniicl,vi,,,voltearse completamente de frente,,,
capnín,vi,,,tener venda en los ojos,,,
capoho,vi,,,ensuciar los pañales,,,
capoti,vi,,,eludir (un golpe),,,
capóz,,,,orinar [mujer],,,
captasa,vi,,,tener mala suerte,,,
captj,vi irr,,,ancho,,,
captxö,vi,,,"agujereado, abierto con abertura pequeña en la parte inferior",,,
capxazl,vt,,,cubrir,,,
capxa,vi,,,tres,,,
capxeezc,vi,,,tener forma de cuña o con una parte más ancha expuesta,,,
capxölim,vi,,,quebrarse [algo largo],,,
capziicatalca,vi,,,cocinado por fuera pero crudo por dentro,,,
capzx,vi,,,despostillado [p.ej. plato],,,
caap,vi irr,,,parado,,,
caqueeposlc,vc,,,hacer cunita (ensartar piola en los dedos haciendo figuras),,,
†caqueetmoj,vi,,,sentarse en la sombra,,,
†caramózni,vi,,,mendigar (de persona no seri),,,
cargüéyotim,vi,,,vagar,,,
cásaquim,vd irr,,,peinarse,,,
casa,vi,,,apestar,,,
caseenelim,vc der,,,dormir boca arriba con las piernas separadas,,,
casii,vi,,,oler a,,,
casim,vi,,,reírse,,,
casquim,vi irr,,,remar,,,
cas,vi irr,,,equivocarse,,,
cataamj,vi,,,ahorquillado,,,
cátajc,vd,,,vomitar,,,
catax,vi,,,ir,,,
cateemloj,vi,,,tener forma dentada,,,
catícpan,vi,,,trabajar (especialmente para remuneración),,,
catín,vi,,,agacharse,,,
catla,vi,,,tener miedo a la justicia por haber cometido un delito,,,
catol,vi,,,"tener miedo (especialmente de cosas desconocidas, como en la noche)",,,
catóm,vi,,,"hacer sonar el agua con golpes (con algo duro, p. ej. piedra, puño)",,,
"catoopex, catoopix",vi,,,tener tos ferina,,,
†catoo,vi,,,"gritar (el brujo, para hacer que pare la lluvia)",,,
catxo,vi,,,mucho,,,
cawéz,vi,,,ir al baño [niño],,,
caxaaza,vi,,,gotear [algo espeso],,,
†caxát,vi,,,contener el aliento,,,
caxax,vi,,,"bajo, grave [sonido, como bajo eléctrico]",,,
caxt,vi,,,"tierno, delicado, joven [planta, legumbre]",,,
cayaxi,vc intr,,,medir cierta distancia o tamaño,,,
cayáx,vi,,,no tener buena condición física,,,
cazaplc,vi,,,paralizarse (de las piernas),,,
caziim,vi,,,bonito,,,
cazoj,vi,,,estar solo,,,
cazooxolcam,v veces,,,ocurrir ocho veces,,,
cazooxöc,v veces,,,ocurrir cuatro veces,,,
cazquim,vi,,,ir lejos,,,
cazx,vi,,,fracturarse,,,
ccaii,vi,,,"crecer, maduro, madurarse [persona]",,,
-camahzaacat,vi der,,,casarse,,,
ccam,vi,,,tener vida,,,
ccam,vi,,,lleno,,,
ccapxl,vi,,,"agrio, ácido [como limón]",,,
ccap,vi,,,volar,,,
-catoomec,vi,,,ser domingo,,,
†-cmaamat,vi der,,,bajito y ancho,,,
-cmiiquet,vi der,,,ser persona,,,
ccojp,vi,,,brincar [como sapo o gato],,,
-comcaiit,vi der,,,ser vieja [mujer],,,
ccomca,vi,,,ruidoso,,,
ccon,vi,,,"apestar [como cebollas, frijoles pasados]",,,
ccooo,vi,,,entero,,,
ccosyat,vi der,,,espinoso,,,
ccótonim,vi,,,moverse con rapidez después de contraerse,,,
ccotp,vi,,,acre,,,
ccotxta,vi,,,tener mal olor [como cuerpo sucio],,,
ccozim,vi imp,,,hacer calor,,,
ccozl,vi,,,tener olor a aceite rancio,,,
-ctamot,vi der,,,macho,,,
queaam,vi,,,suficiente en cantidad,,,
queec,vd,,,sembrar,,,
queeejam,vi,,,fuera de su tiempo normal,,,
†queeex,vi,,,gemir,,,
queefe,vi,,,tener forma de gancho,,,
queejim,vi,,,viejo,,,
queemej,vi,,,moverse despacio,,,
queeme,vc,,,acabar con,,,
queemn,vi,,,encorvarse hacia abajo,,,
queemox,vd,,,destazar,,,
queemt,vd,,,limar,,,
queenj,vd,,,gritar,,,
†queeolim,vi,,,"buscar fruta de la pitaya con diligencia, al final de la temporada, y traer la fruta madura y con las espinas",,,
queepec,vi,,,encimados en orden,,,
queepit,vi,,,tacaño,,,
queepjc,vd,,,agarrar,,,
queeptim,vd,,,piscar (plantas),,,
queep,vd,,,enderezar,,,
queep,vd,,,llevar en la cabeza,,,
queesen,vi,,,"mantener el brazo (o pierna, o aleta) extendido en una posición por mucho tiempo",,,
queesjö,vi,,,descalzo,,,
queesomam,vi,,,respetable,,,
quees,vd,,,fallar,,,
†queetim,vi,,,"agrandar una canasta para poder cargar más, poniendo palos en su orilla",,,
queeti,vi,,,ir y traer para,,,
queetla,vd,,,"fallar de pegar, fallar de entrar",,,
queetlim,vd,,,atizar lumbre,,,
queet,vi,,,negar,,,
queexoz,vd,,,frotar (para sacar pelo de la piel),,,
queexö,vd,,,saltar,,,
queeyel,vd,,,defender,,,
†queezam,vi,,,vigilar la venida de algo,,,
queezi,vd,,,vencer,,,
†quee,vi,,,cazar venado por medio de gritos y arreos,,,
quee,vi,,,decir,,,
queme,vi irr,,,pronto,,,
queme,vi,,,acabarse [cantidad],,,
queque,vd,,,regalar,,,
cfii,vi,,,ser de mañana,,,
cfit,vi,,,"pararse, ponerse de pie (de posición sentada o agachada), estar de pie",,,
chaaca,vi,,,hibernar en bancos [jaibas],,,
chaaijoj,vi,,,con arrugas grandes horizontales [piel],,,
chaait,vi,,,sangriento,,,
chaamas,,,,,,,
chaamx,vi,,,bien difundido [como una noticia],,,
chaanzx,vi,,,torcido y deshilado [como piola gruesa],,,
chaapa,vi,,,enorme y fuerte,,,
chaasax,vi,,,abierto y extendido,,,
chaasx,vi,,,pararse hombro a hombro,,,
chaatox,vi,,,extendido o estirado [como piola],,,
chaa,vi,,,ser (identificación),,,
chac,vi,,,ciego,,,
chamoc,vi imp,,,anochecer,,,
chanaj,vi,,,chismear,,,
chanl,vi,,,diez,,,
chantiiqui,vi,,,inclinarse cuesta abajo,,,
chapx,vi,,,publicarse,,,
chast,vi,,,pedregoso,,,
chaxz,vi,,,irritable,,,
chax,vi,,,manchado con grasa,,,
cheel,vi,,,rojo,,,
cheemt,vi,,,apestar (a algo muerto),,,
cheep,vi,,,negro oscuro,,,
heeque,adj,,,joven [especialmente animal],,,
cheet,vi,,,inclinarse hacia adelante,,,
cheme,vi,,,formarse en un grupo más grande de lo esperado (con personas extras),,,
chesen,vi,,,rígido y fuerte,,,
hiitiscal,adj,,,altivo,,,
chooinalca,vi,,,tener olas grandes redondeadas que no se quiebran,,,
choopatj,vi,,,haber mucha marejada con olas que se quiebran,,,
quicaayot,v der,,,caminar en cuatro patas [animal grande],,,
quicomloj,vi,,,tener marca de nacimiento azul,,,
quicoopxoj,v,,,fofo y velloso,,,
quicopol,vi,,,"oscuro, oscurecerse [objeto]",,,
quicótj,vi,,,mohoso,,,
quicsípx,v der,,,tener marca de nacimiento rojiza,,,
quicsj,vi,,,inmadura [fruta],,,
quictamo,vi,,,feroz,,,
quicös,v der,,,espinoso,,,
quifáhzx,vi,,,sollozar para indicar tristeza,,,
quifj,vi,,,estreñirse por haber comido muchas semillas,,,
quiflc,v der,,,arrodillarse,,,
quifóhzx,vi,,,toser con tos seca,,,
quihaamaj,vi,,,sudar,,,
quihaasoj,vi,,,tener bolsillo,,,
†quihaat,vi,,,"madurarse [fruta, semilla]",,,
quiha,vi,,,veloz,,,
†quiheezilc,vi,,,flaco debido a enfermedad,,,
quihéhe,v der,,,"ser jefe, gobernador, líder",,,
quihicaai,vi,,,"tener grano, erupción",,,
quihicoomzj,vi,,,tener clase de llaga,,,
quihic,v der,,,tener semilla pequeña,,,
quihiiha,vi,,,puro,,,
quihiihom,vi,,,tener herida el pie y no poder andar,,,
quihiihyo,vi,,,fingir,,,
quihiih,vi,,,quedarse atrás,,,
quihiiin,vi,,,protegido del viento [lugar],,,
quihiij,vi,,,quedarse atrás (sentado),,,
quihiimet,vi,,,casarse,,,
quihiini,vi,,,encerrado [lugar],,,
quihiipa,vi,,,"quedarse (inmóvil, parado)",,,
quihiizat,v der,,,dar sombra,,,
quihiizitim,vt,,,tener como lugar natal,,,
quihimtjii,vi,,,tener salpullido,,,
quihimz,vi,,,tener tiña,,,
quihinej,vi,,,"descubierto [los miembros íntimos, accidentalmente]",,,
quihinzipla,v der,,,tener lunar,,,
quihístalca,v der,,,tener olanes,,,
quihítac,v der,,,desnudo de la cintura hacia arriba,,,
quihizj,vi,,,anclada (una panga a la orilla del mar),,,
quihizlc,vi,,,sucio,,,
quihmiiha,v der,,,dejar huellas,,,
quihocl,vi,,,sobresalir,,,
†quihoomtxö,vi,,,regresar sin nada,,,
†quihs,vi,,,ser hijo primogénito,,,
quihtj,vi,,,tener forma de cono,,,
quiht,vi,,,tener hipo,,,
quiic,vi,,,matado (muerto),,,
quiica,vi,,,flotar,,,
quiifa,v der,,,tener nariz,,,
quiifnij,v der,,,tener fosa nasal,,,
quiifz,vi,,,sonar (chasquido),,,
quiihi,v der,,,tener arpón,,,
quiiholx,v der,,,eructar,,,
quiih,vi,,,estar [especialmente una cosa flexible],,,
quiijc,vi,,,estallar,,,
quiijc,vi,,,mojado,,,
quiijim,vi,,,tener vista,,,
quiij,vi,,,sentado,,,
quiilxim,vi,,,"menear, moverse de lado a lado, ir y venir",,,
quiimapxjij,vi,,,iridiscente con colores oscuros,,,
quiimj,vi,,,"claro, cristalino, translucente [líquido o vidrio]",,,
quiimot,v der,,,jugar (juegos de azar),,,
quiim,vi,,,dormir,,,
quiinla,vi,,,sonar [como campana o golpe metálico],,,
quiinota,vi,,,estar en manada,,,
quiin,vi,,,irse,,,
†quiiolḻa,vi,,,hinchado [estómago],,,
quiipa,v der,,,tener cola,,,
quiipcö,vi,,,"sonar hueco, bajo o sordo (como pisadas)",,,
quiipe,vi,,,bueno,,,
quiipota,vi,,,tener erupción alérgica,,,
quiipx,v der,,,poner huevo,,,
quiisax,v der,,,tener vida,,,
quiisc,vi,,,hacer sonido suave como cuando se arrastra un pie en el suelo,,,
quiiselca,v der,,,tener alas o ramas,,,
quiisj,v der,,,tener corita (canasta en forma de plato),,,
quiitc,vi,,,gotear [algo no espeso],,,
quiitij,vi,,,curvarse hacia arriba,,,
quiitilc,vi,,,acurrucado en el borde,,,
quiitjij,vi,,,estar por perderse [comida],,,
quiit,v der,,,tener piojos negros,,,
quiixax,v der,,,tener hocico,,,
quiixaz,vi,,,castañetear,,,
quiixa,v der,,,tener agua u otro líquido,,,
quiix,vi,,,inflado,,,
quiixöp,vi,,,"bramar, zumbar (como el mar cuando sopla el viento)",,,
quiizc,v der,,,mirar en otra dirección,,,
quiiziloj,vi imp,,,lloviznar,,,
quiizla,vi,,,rezumarse (a gotas),,,
quijcácz,vi,,,"formarse bola (en hueso, de golpe o artritis)",,,
quíleca,v der,,,babear,,,
quiliti,v der,,,"tener cabello largo (o cabeza, en algunos contextos)",,,
quilít,v der,,,tener cabeza,,,
quilḻoozc,vi,,,"enfermo o incompetente mentalmente, demente",,,
quimaaxat,vi,,,"gris parduzco, sin mucho color",,,
quimaca,v der,,,tener la responsabilidad del entierro o de la fiesta de pubertad,,,
quimas,v der,,,tener pelo púbico,,,
quimatni,vi,,,entumecerse un miembro,,,
quimaz,vi,,,fosforescente,,,
quimázaj,v der,,,tener olla de barro,,,
quimázc,vi,,,tener sarna,,,
quimázjij,vi,,,tener roncha pequeña,,,
quimej,vi,,,fluir,,,
quimónalca,v der,,,enredarse con los pies,,,
quimonj,vi,,,morir en batalla,,,
quimooni,v der,,,bailar el baile de victoria,,,
quimoziti,v der,,,ser la mitad de una cosa y la mitad de otra cosa,,,
quimoz,v der,,,pensar,,,
quims,v der,,,tener agallas,,,
quimt,v der,,,tener senos,,,
quimt,vi,,,doblarse,,,
quinaail,v der,,,tener piel,,,
quinaj,v der,,,tener residuo después de extraer el jugo,,,
quinal,vi,,,cubierto de pelusa,,,
quinapt,vi,,,encorvarse hacia abajo con arco corto y radical,,,
quina,v der,,,tener pelo,,,
quinco,vi,,,raspado,,,
quineehj,vi,,,brillante,,,
quineexöl,vi,,,sucio con suciedad seca [persona],,,
quineezilca,vi,,,áspera [voz],,,
quineezilca,vi,,,áspera [voz],,,
quineezj,v der,,,tener base de escama [pez],,,
quinej,vi,,,vacío,,,
quinláz,v der,,,tener dedos,,,
quinlx,vi,,,regresar sin nada (por falla),,,
quinl,v der,,,tener manos,,,
quinol,v der,,,tener brazo y mano,,,
quinooslca,v der,,,tener uñas largas o garras,,,
quinópasoj,vi,,,con párpados caídos,,,
quinzaait,vi,,,hacer despacio,,,
quinziitxi,vi,,,gris oscuro no atractivo,,,
quipaacalc,v der,,,tener placas en el carapacho,,,
quipac,v der,,,dar la espalda,,,
quipalíti,vi,,,llevar cabeza de venado bura como señuelo o en un baile,,,
quipcö,vi,,,grueso,,,
quipij,v der,,,tener pierna inferior (espinilla),,,
quipi,vi,,,fácil,,,
quipjöc,vi,,,tener gonorrea,,,
quipl,v der,,,poner la lengua,,,
quipnij,vi,,,aparecer en lo alto,,,
quipócj,v der,,,tener carapacho,,,
quipon,v der,,,hacer sonido con la voz,,,
quipooit,vi,,,tener enfermedad venérea,,,
quipot,v der,,,"tener pierna, pantorrilla",,,
quipot,v der,,,estar bajo tierra,,,
quipxasi,v der,,,tener carne,,,
quipxa,vi,,,"poco, pocos",,,
quipxom,v der,,,tener gordura,,,
quiquéjöc,v der,,,tener leña,,,
quiquii,vi,,,"flaco y débil, sin fuerza",,,
quis,vi,,,crudo,,,
quiscáma,v der,,,tener balsa,,,
quisi,v der,,,dar fruta,,,
quisil,vi,,,pequeño,,,
quisjc,v der,,,tener piojos de cuerpo,,,
quisj,vi,,,miedoso,,,
quislaaizil,v der,,,tener hombros,,,
quisla,v der,,,tener oreja,,,
quisliiqui,v der,,,zurdo,,,
quislitx,v der,,,tener oídos,,,
quisman,v der,,,"inmadura [vaina de mezquite, primera etapa]",,,
quisnaap,v der,,,tener pecho,,,
quisnoops,vi,,,unido naturalmente (como fruta de la choya),,,
quisoj,vi,,,grandote,,,
quisooctoj,vi,,,tener granos infectados,,,
quisootlc,vi,,,tener calambres,,,
quistj,v der,,,tener hojas,,,
quistoiin,vi,,,estar de lado,,,
quisxápa,v der,,,tener coronilla,,,
quitaaho,vi,,,preparado,,,
quitaaij,vi,,,girar sobre un eje como pivote,,,
quitaamalca,v der,,,tener cuernos,,,
quitaasit,v der,,,tener nombre,,,
quitaast,v der,,,tener dientes,,,
quitac,v der,,,tener huesos,,,
quitaj,vi,,,arder,,,
quita,vi,,,filoso,,,
quiteejöc,vi,,,flaco (por enfermedad o por no comer),,,
quiteel,v der,,,ir al paso de,,,
quiteems,v der,,,tener barba,,,
quiteeno,v der,,,tener boca,,,
quiteezc,vi,,,encimado,,,
quitísi,v der,,,"tener base, fondo",,,
quiti,v der,,,"conectado [algo ""parado""]",,,
quitjc,v der,,,tener testículos,,,
quitj,v der,,,meter el tronco inferior del cuerpo en (p.ej. pantalón),,,
quitni,v der,,,tener hernia umbilical,,,
quitóaa,v der,,,tener pie,,,
quitoj,v der,,,abrir (los ojos),,,
quitóm,v der,,,tener dinero,,,
quitootjöc,v der,,,tener [una choya] mucha fruta que está bien madura,,,
quitoxiis,v der,,,tener lagañas,,,
quitox,v der,,,tener lágrimas,,,
quits,v der,,,tener cordón umbilical seco,,,
quitxiin,v der,,,tener cayahual,,,
quitxl,vi,,,hacerse pedazos pequeños,,,
quitxyam,vi,,,interesado en (una persona del sexo opuesto),,,
quit,vi,,,sin filo,,,
quit,vi,,,"estar en contra de (viento, corriente, sol)",,,
quixaa,v der,,,tener raíces,,,
quixcoocoj,vi,,,formarse una bola áspera (en una planta),,,
quixeele,v der,,,humedecer,,,
†quíxepxat,vi,,,apestar,,,
quixóaa,vi,,,tener el plan de pelear,,,
quíxona,vi,,,ronco,,,
quixonj,vi,,,flojo,,,
quixonla,vi,,,vaciarse de líquido por estar fuera del agua [jaiba],,,
quixosjc,vi,,,desarreglado,,,
quixosjöc,vi,,,ser de una variedad de cosas de segunda clase,,,
quixpxaj,vi,,,suave [como gelatina],,,
quixtooz,vi,,,formarse cicatriz muy visible,,,
quix,vi,,,jugoso,,,
quiyat,vi,,,alcanzar,,,
quiyoz,vi,,,brotar,,,
†quiyoz,vi,,,burbujear,,,
quizaj,v der,,,pandearse,,,
quiztim,v der,,,"tan flaco, que se le ven los huesos de la cadera",,,
quiz,v der,,,llegar a orgasmo [macho o hembra],,,
cjip,vi,,,plano,,,
cjizi,vi,,,doler,,,
cmaaitx,vi,,,tierno,,,
cmaai,vi,,,callarse,,,
cmaasij,vi,,,rodar [como rueda],,,
cmaco,vi,,,oculto,,,
cmam,vi,,,cocido,,,
cmamta,vi,,,quemarse,,,
cmapcö,vi,,,"reventar (en el aire, como vainas de algodón)",,,
cmaptx,vi,,,reventar,,,
cmasij,vi,,,"abrirse, reventar [p.ej., fruta, cortada]",,,
cmasol,vi,,,amarillo,,,
cmatis,vi,,,quemado,,,
cmatj,vi,,,caliente,,,
cmatsj,vi,,,mentiroso,,,
cmaxquij,vi,,,"tenso, tirante [como piola]",,,
cmazjij,vi,,,rajarse [como vidrio],,,
cmeesom,vi,,,no usado,,,
cmeetosa,vi,,,estirarse [persona o animal],,,
cmeet,vi,,,triste,,,
cmeque,vi,,,tibio,,,
cmiha,vi,,,ir lentamente,,,
cmiih,vi,,,escaso,,,
cmiipala,vi,,,descompuesto,,,
cmiipe,vi,,,oírse,,,
cmiipla,vi,,,malo,,,
cmímojca,vi,,,rabioso,,,
cmipi,vi,,,difícil,,,
cmizj,vi,,,de buen parecer (especialmente de forma),,,
cmoiij,vi,,,agrupados [como árboles],,,
cmonlc,vi,,,rizado,,,
cmoosa,vi,,,arrugado,,,
cmoqueepe,vi,,,enfermo,,,
cmotet,vi,,,pesado,,,
cmotjö,vi,,,blando,,,
cmotni,vi,,,deformarse por calor,,,
cmotomn,vi,,,débil,,,
cmozime,vi,,,borracho,,,
cnaacj,vi,,,con la irregularidad de una curva larga,,,
cneeej,vi,,,encogido,,,
cneeen,vi,,,embotado y que no sirve,,,
cneejim,vi,,,moverse bruscamente a un lado,,,
cneepni,vi,,,sin punta,,,
cnocöj,vi,,,torcido [como clavo],,,
cnoftj,vi,,,distorsionado,,,
cnoocon,vi,,,encorvado,,,
cnoohcö,vi,,,cóncavo y hondo,,,
cnooiloj,vi,,,irregular y defectivo porque tiene partes gruesas y partes delgadas,,,
cnoosc,vi,,,rasposo,,,
cnopin,vi,,,convexo,,,
coaacta,vd,,,mirar,,,
coaafla,vi,,,pisar grano,,,
coaafp,vi,,,brincar,,,
coaaf,vd,,,"llevar una cuerda puesta en la cintura, arriba de la cadera como los antepasados seris",,,
coaah,vd,,,"poner (cosa blanda, como ropa)",,,
coaaij,vi,,,colgado,,,
coaai,vd,,,despiojar,,,
coaala,vi,,,beber con la lengua,,,
coaanj,vi,,,venenoso [planta],,,
coaan,vi,,,turbio,,,
coaap,vi,,,relinchar,,,
coaatjö,vi,,,dulce,,,
coaaxlim,vi,,,"parpadear, pestañear rápidamente (en imperfectivo)",,,
coaaxz,vd,,,"golpear, pegar (con cosa larga)",,,
coálḻalḻi,vi,,,aletear,,,
coanl,vd,,,,,,
cocaaat,vd,,,tostar (en arena caliente o en sartén),,,
cocaacp,vd,,,golpear contra otra cosa para sacar lo que esté adentro,,,
cocaaij,vd,,,girar el zumbador de brujo,,,
cocaail,vd,,,dejar comida en el plato,,,
cocaain,vd,,,juntar ramas para hacer recalmón,,,
cocaait,vi,,,desarreglado,,,
cocaaix,vd,,,poner (cosa dura o redonda),,,
cocaai,vd,,,colgar,,,
cocaao,vd,,,ronzar,,,
cocaa,vd,,,buscar,,,
cocácj,vd,,,"tajar, escamar, hacer una figura de palo fierro",,,
cocafz,vd,,,mordisquear,,,
cocaiit,vd,,,tirar hacia (con arma),,,
cócalim,vi,,,empacar (para viajar),,,
cocánaj,vd,,,masticar o mascar con las muelas,,,
cocapjc,vi,,,veloz,,,
cocápnalca,vi,,,formarse grumos o bolitas [p.ej. harina en agua],,,
cocapx,vd,,,"quebrar o morder (cosa dura, con los dientes)",,,
cocásjc,vi,,,caminar con pisadas muy altas,,,
cocazit,vd,,,quitar con fuerza,,,
cocazni,vd,,,,,,
cocoaal,vd,,,mandar hacer,,,
cocóctim,vi,,,capaz de cortar,,,
cocoho,vd,,,ver,,,
cocóii,vd,,,indicar interés intenso en acompañar en un viaje,,,
cocómjc,vd,,,traicionar,,,
cocooix,vd,,,ganar en una regata,,,
cocooi,vd,,,"estar con, en muchos viajes",,,
cocooxa,vd,,,cuidar al niño,,,
cocooztim,vd,,,ponerse de novio,,,
cocooz,vd,,,robar,,,
cocóp,vd,,,picar [insecto],,,
cocosi,vi,,,picar y chupar [p.ej. zancudo],,,
cocótni,vd,,,picar [como raya],,,
cocozj,vd,,,extender crédito (para comprar),,,
cocózxlim,vd,,,causar ronchas,,,
coeecj,vi,,,situado al lado de algo y casi listo para caerse,,,
coeenj,vd,,,tocar instrumento de cuerda,,,
coeepxalim,vd,,,violar (a una mujer),,,
coeepx,vd,,,aletear,,,
coféaa,vi,,,tener buena vista,,,
cofícj,vd,,,"taparse, cubrirse (la parte superior del cuerpo)",,,
coiij,vi,,,tubular,,,
coiimtim,vd,,,tirar (piedras),,,
†coixscan,vi,,,mendigar (sentándose muy cerca de la persona),,,
cojast,vi,,,pisotear,,,
cojáx,vd,,,aspirar,,,
cojiit,vd,,,"hacer caer, tirar",,,
cojoz,vi,,,huir,,,
cojöz,vi,,,redondeado [como loma],,,
colḻáo,vi,,,comer muy rápidamente y mucho,,,
comaanoj,vd,,,"abatir, golpear [como viento a una panga]",,,
comíhj,vi,,,deslizadizo,,,
comiiit,vd,,,preguntar,,,
comoozi,vd,,,soñar,,,
comsisiin,vi irr,,,"pobre, que merece piedad",,,
comtxö,vi,,,derecho,,,
conaaaij,vi,,,regresar (especialmente sin haber llegado a su destino),,,
conaaij,vd,,,agarrar,,,
conáxz,vd,,,"aplicar (con acción repetitiva), pintar",,,
conéaax,vi,,,lavarse las manos,,,
†coneec,vd,,,llevar tonelete,,,
conexe,vd,,,sobar,,,
coníp,vd,,,golpear (con la mano),,,
conopij,vd,,,causar hundirse,,,
coocatx,vd,,,pegar y caerse,,,
coocax,vd,,,agrandar una canasta con palitos para poder llevar más carga,,,
cooca,vd,,,poner (líquido o cosa larga),,,
coocj,vi,,,dos,,,
coocp,vi,,,"emerger, crecer [como fruto]",,,
coocsim,vd,,,masticar (y escupir la fibra),,,
cooctz,vd,,,cernir,,,
†coocöim,vd,,,moler pitaya seca (para sacar un polvo para hacer chapopote),,,
coocösj,vd,,,sacudir,,,
coocöz,vi,,,trotar,,,
coocö,vd,,,ladrar,,,
coofin,vd,,,pasar bajo,,,
coofmoj,vd,,,juntar leña,,,
coof,vi,,,sisear,,,
cooha,vi,,,llorar,,,
coohcö,vd,,,vertical y boca arriba,,,
coohit,vd,,,comer,,,
cooicö,vd,,,matar,,,
cooiloj,vi,,,"tener manchas azules (por golpe, o por nacimiento)",,,
cooil,v der,,,tener copete [como pájaro],,,
cooil,vi,,,azul,,,
cooin,vd,,,tener bocado grande en el cachete,,,
cooipj,vi,,,ovalado,,,
cooipj,vi,,,transverso,,,
cooisnan,vi,,,encorvado,,,
coois,vd,,,masticar fibra para extraer el jugo,,,
cooitom,vi,,,cinco,,,
cooit,vi,,,bailar,,,
cooit,vi,,,caerse adentro,,,
cooizj,vd,,,moler,,,
coojoj,vi,,,bajito,,,
coomaj,vd,,,probar o calar (un aparato),,,
coomas,vd,,,torcer (para hacer piola),,,
coomatox,vd,,,hacer lumbre con taladro,,,
coomen,vd,,,"tirar de un lado a otro (p.ej., semillas, para limpiarlas)",,,
coometx,vd,,,moverse poco a poco sin levantarse de una posición sentada,,,
coomjö,vd,,,ir a recoger maguey,,,
†coomlc,vd,,,torcer (raíz de mezquite para hacer piola),,,
coomx,vd,,,decir,,,
coom,vi irr,,,acostarse,,,
coom,vd,,,tragar,,,
coonzx,vd,,,hilar con huso,,,
coopeza,vd,,,lamerse los labios,,,
coopis,vd,,,fumar,,,
coopjc,vd,,,llevar colgado en el cuello,,,
coopjij,vi,,,vibrar suavemente,,,
cooploj,vi,,,ensartar fruta de pitaya en palo (para transportar),,,
coopl,vd,,,lamer,,,
coopol,vi,,,negro,,,
coopoquim,vd,,,meter cosa polvorosa (p.ej. pinole) en la boca,,,
coopot,vi,,,pagado,,,
coopox,vd,,,quitar,,,
coopxoj,vd,,,soplar,,,
coopxöquij,vi,,,polvoroso,,,
coop,vd,,,escarbar (usando instrumento),,,
cooquim,vd,,,"poner (cosa chica, o líquido, o cosas sueltas)",,,
cooscl,vi,,,seco,,,
cooseta,vi,,,zangolotearse,,,
coosijc,vd,,,buscar espina,,,
coosit,vi,,,sonar como sonaja,,,
coosi,vd,,,beber,,,
coosj,vd,,,rociar,,,
coosnan,vd,,,insertar,,,
coosni,vd,,,asar,,,
coosot,vi,,,estrecho,,,
coospoj,vi,,,manchado,,,
coospx,vd,,,aventar (granos),,,
coosx,vd,,,contar,,,
coos,vi,,,cantar,,,
†coote,vd,,,curar (por medio del curandero),,,
cootni,vd,,,tropezar,,,
cootox,vd,,,extender,,,
cootp,vd,,,escupir (cosas pequeñas),,,
coots,vi,,,sisear,,,
cootxöquij,vi,,,hervir,,,
cooxi,vi,,,morir [especialmente animal],,,
cooxnij,vd,,,gruñir,,,
cooxop,vd,,,llevar con palo sobre el hombro,,,
cooxot,vi,,,caerse [un grupo o cantidad de cosas],,,
cooxp,vi,,,blanco,,,
cooxquim,vd,,,disparar (con arco o fusil),,,
cooxquim,vd,,,poner (cosa larga),,,
cooyam,vi,,,ir lejos hasta alta mar [peces y caguamas],,,
coozaj,vi,,,tener caballete,,,
coozin,vd,,,tostar (con arena caliente o piedras calientes),,,
coozix,vd,,,cortar,,,
coozjc,vd,,,amontonar,,,
coozlax,vd,,,desparramar,,,
coozlil,vi,,,pegajoso,,,
coozlim,vd,,,"recoger sin que sea el propósito del trabajo, muchas veces un poco de esto y un poco de eso",,,
cooznij,vd,,,guisar,,,
cooztoj,vd,,,cocer con agua,,,
coozt,vd,,,tatuar,,,
copím,vd,,,hacer huaraches de cuero,,,
copísica,vi,,,"extraordinariamente pequeño [ojo, boca, abertura] (dicho con desprecio)",,,
copooin,vd,,,"hibernar [serpiente, lagartija, animal pequeño]",,,
copxöt,vi,,,"suelto [cabello, harina, etc.]",,,
coqueecöl,vd,,,escuchar,,,
coqueeenim,vd,,,mover de un lado a otro,,,
coqueeex,vd,,,cortar cabello,,,
coqueepcö,vd,,,hacer sonido de pisadas,,,
coqueepe,vi,,,cómodo,,,
coqueesc,vc intr,,,hacer sonido suave (como pisaditas),,,
†coqueesjöo,vi,,,"andar sin zapatos, descalzo",,,
coqueetc,vd,,,hacer caer a gotas,,,
coqueezi,vd,,,hacer ramada,,,
coqueht,vi,,,rebotar [como pelota],,,
coqué,vi,,,oír bien,,,
cosacj,vd,,,llevar (a un niño) en la cadera,,,
cosaii,vd,,,,,,
cosánj,vd,,,llevar (a un niño) en la espalda,,,
cosanpx,vi,,,correr (en una carrera),,,
cosáp,vd,,,dar un manazo,,,
cosíc,vd,,,"moler (grano, cosa seca)",,,
cosiiin,vd,,,acostarse cerca,,,
cosii,vd,,,oler,,,
cosíptx,vd,,,limpiarse después de defecar,,,
cosípxoj,vd,,,chiflar,,,
cosítox,vd,,,frotar,,,
†cosíxöc,vd,,,,,,
cotaai,vd,,,"llevar tonelete, sapeta",,,
cotám,vd,,,cosechar trigo de mar,,,
cotáxim,vd,,,rascar,,,
cotázita,vd,,,triturar (reg.),,,
coteepx,vd,,,,,,
cóteja,vi,,,ladearse,,,
cotiin,vd,,,rebanar carne,,,
cotiis,vd,,,empujar para abajo del agua,,,
cotísinan,vi,,,hablarse a uno mismo,,,
cotís,vd,,,señalar (con el dedo),,,
cotitjö,vd,,,pellizcar (tramo grande con las uñas),,,
cotj,vi,,,"levantarse, ponerse de pie, pararse (de una posición extendida)",,,
cotófz,vi,,,cerrarse [algo redondo],,,
cotopis,vd,,,pegarse por succión,,,
cotopl,vd,,,manchar,,,
coyaaai,vd,,,buscar esposo o esposa sin los arreglos de las familias,,,
coyaai,vd,,,buscar esposo o esposa sin los arreglos de las familias,,,
coyaai,vd,,,"ayudar a bajar o levantar (carga, cara a cara)",,,
coyaazi,vd,,,reclamar,,,
coyai,vd,,,hacer guerra,,,
cozaaij,vd,,,cortar en círculo,,,
cozaainim,vi,,,anclado,,,
cozaain,vd,,,hacer cerco,,,
cozáca,vi,,,impeler una panga con botador,,,
cozacni,vi,,,estar parado con los hombros un poco elevados hacia la cabeza,,,
cozactim,vd,,,"cortar el paso, interceptar",,,
cozacöz,vd,,,picotear,,,
†cozáhnalca,vi,,,con oleadas,,,
cozám,vd,,,atacar,,,
cozaplim,vd,,,coser,,,
†cozaxaz,vi,,,impeler una panga con asta (sin tocar el fondo),,,
cozázni,vd,,,enredarse,,,
cozáz,vd,,,,,,
coziiom,vd,,,"chamuscar, tostar con la llama",,,
"coziixepxat, coziixipxat",vd,,,agarrar regalo de la casa de la familia de la novia en el día del casamiento,,,
cozipeecoj,vd,,,besar al aire con ruido,,,
cozíp,vd,,,besar,,,
cozt,vi,,,desprenderse,,,
cpaainj,vi,,,caerse rodando,,,
cpaain,vi,,,caerse [cosa extendida],,,
cpaaisx,vi,,,limpio,,,
hapacta,vi irr,,,ser,,,
cpajim,vi,,,cocinado demasiado,,,
cpamiz,vi,,,"menearse [como panga, mesa o columpio]",,,
cpamlc,vi,,,"formarse bolitas [p.ej., piel, lodo], como cuando se frota la piel",,,
cpanim,vi,,,lavarse el cabello,,,
cpanzx,vi,,,correr,,,
cpápita,vi,,,dispersarse,,,
cpaps,vi,,,seco (faltando líquido para uso apropiado),,,
cpapx,vi,,,fisurarse,,,
cpascax,vi,,,surcado,,,
cpasi,vi,,,arrugado,,,
cpasjim,vi,,,"caerse en el agua sin poder levantarse, a la orilla del mar",,,
cpaspx,vi,,,modesto,,,
cpatjc,vi,,,abierto,,,
cpatj,vi,,,con forma aplastada,,,
cpat,vi,,,aplanada [una punta],,,
cpaxoz,vi,,,despellejarse,,,
cpaxz,vi,,,áspero,,,
cpazjc,vi,,,dispersarse,,,
cpeehzx,vi,,,cóncavo y poco profundo,,,
cpeetij,vi,,,circular,,,
cpene,vi,,,sin espinas,,,
cpete,vi,,,hinchado,,,
cpitol,vi,,,hinchado por gas,,,
cpoct,vi,,,lleno [contenedor],,,
cpoc,vi,,,tumbarse,,,
cpooin,vi,,,tupido,,,
cpootita,vi,,,arremolinarse,,,
pootsi,adj,,,chaparro,,,
cpoozi,vi,,,tener forma más angosta en una parte,,,
potaa,s,,,cresa,,,
cpotyoj,vi,,,con pequeñas ondulaciones horizontales,,,
cpot,vi,,,pasar por (una abertura),,,
croocö,vi,,,loco,,,
cayoop,vi vt,,,formar montecitos de lodo o de arena finita mojada,,,
queectim,vt vd,,,viajar en,,,
csaamij,vi,,,enroscado,,,
csiijim,vi,,,ocuparse en,,,
siip,s,,,joven,,,
csimta,vi,,,hormigoso,,,
csiptj,vi,,,echar chispas,,,
csoop,vi,,,grueso,,,
ctaaplc,vi imp,,,"ser temprano en la mañana, en la madrugada",,,
ccah,vi,,,"sonar [sonido musical], hacer sonido",,,
ctal,vi,,,hacerse brasas,,,
ccamjö,vi,,,reluciente,,,
ccámopxa,vi,,,andar y perderse,,,
ctapjö,vi,,,"desintegrarse, hacerse pedazosx",,,
ctápolquim,vi,,,roto,,,
ccapxöl,vi,,,quebradizo,,,
†ccax,vi,,,"duro y seco [como piel, tela gruesa]",,,
ccazoj,vi,,,"agujereado, perforado (una perforación)",,,
ctazlcam,vi,,,uno por uno,,,
cazojeecoj,adj,,,"soltero, soltera y de mayor edad",,,
ccazoj,vi,,,"agujereado, perforado (una perforación)",,,
cquihjö,vi,,,rojo,,,
ctocnij,vi,,,"redondo, esférico",,,
ctolcö,vi,,,,,,
ccol,vi,,,discutir con coraje,,,
ctoojoj,vi,,,"crecer o ponerse [varias cosas] en un lugar, p.ej. una persona que se encoge",,,
ctoozi,vi,,,resistente,,,
cxaap,vi,,,pasar la noche en un lugar,,,
cxana,vi,,,desabrido,,,
cxapjö,vi,,,temblar [todo el cuerpo],,,
cxaplc,vi,,,"temblar [especialmente las manos, por vejez o enfermedad]",,,
cxatcaj,vi,,,delgado,,,
-xnoois,vi der,,,haber cosas regadas,,,
cxnoois,vi,,,caracterizado por basurita,,,
cxónala,vi,,,gemir (cuando uno tiene pesadilla),,,
cxopt,vi,,,apagarse,,,
cxtamt,vi,,,abundante,,,
cyaail,vi,,,hondo,,,
cyaai,vi,,,valer,,,
cyaam,vi,,,tardar,,,
cyacax,v der,,,tener aleta dorsal [tiburón o ballena],,,
cyanópj,v der,,,"tener casco, pezuña o puño",,,
cyaxa,vi,,,"embarazarse, embarazada, preñada, pesada con cría [animal]",,,
cyaxi,vi,,,¿cuánto? ¿cuántos?,,,
cyazim,v der,,,tener aleta dorsal o cresta dorsal,,,
†cyeemloj,v der,,,tener proa [balsa],,,
cyeeno,v der,,,tener cara,,,
†cyeetcoj,v der,,,tener popa [balsa],,,
czaahox,vi,,,"brillar [sol, estrellas]",,,
zacaam,s,,,jovencita,,,
czatx,vi,,,"tener alguates, gloquídeos",,,
czimpxa,vi,,,pasado,,,
czooxolcam,vi,,,ocho,,,
czooxöc,vi,,,cuatro,,,
caaij,vd,,,acarrear agua,,,
caaiscan,vi,,,duro,,,
caaitic,vi,,,blando,,,
caaitom,vi,,,hablar,,,
caaixaj,vi,,,fuerte,,,
caama,vi,,,morar,,,
caapxtim,vi,,,mudarse,,,
caqueeclc,vc,,,poner en una fila o un grupo con cuidado,,,
cöquiháxöl,v der,,,usar cuchara,,,
queaacalca,v der,,,guardar ropa y otras posesiones,,,
cahíti,vc,,,empezar a hacer,,,
catazo,vc,,,nivelar,,,
queenim,v der,,,tener cuchillo,,,
quicaaiz,v der,,,tener pollero,,,
quicaamiz,v der,,,tener camisa,,,
quicápota,v der,,,tener chaqueta,,,
quicsaa,v der,,,tener cepillo para el cabello,,,
†quihápoj,v der,,,tener palo para escarbar,,,
quiheemsaj,v der,,,tener flecos,,,
quiheexoj,v der,,,usar pitaya seca como antorcha,,,
quiionam,v der,,,tener sombrero,,,
quimcanoiin,v der,,,tener olla (especialmente de metal),,,
quipazaatoj,v der,,,tener o usar zapatos,,,
quipeen,v der,,,tener palanca,,,
quipnaail,v der,,,"tener, usar o ponerse falda",,,
quipoosj,v der,,,tener piola,,,
quitaamt,v der,,,usar huaraches,,,
quitíst,v der,,,tener punta de arpón,,,
quitrooqui,v der,,,"tener carro, vehículo",,,
quixaaza,v der,,,"tener armas, tiros o flechas",,,
queet,vi,,,negar,,,
caaa,vt vd,,,llamar (por voz o por seña),,,
caacatx,vc,,,dar a luz,,,
caaco,vt vd,,,"construir, tener casa",,,
caaisx,vt vd,,,limpiar,,,
caao,vt vd,,,pasar (por un lugar),,,
caapa,vt vd,,,vigilar con ansiedad la venida de algo,,,
caapxt,vt vd,,,cosechar la semilla de trigo de mar,,,
caapx,vt vd,,,dejar caer [gaviota] (almejas),,,
caa,vt vd,,,ayudar a mantener,,,
cacmee,vt vd,,,filtrar,,,
cacoésct,vt vd,,,encender (lumbre),,,
cahizcl,vt der,,,juntar gónadas (de pescados),,,
cahomtxö,vc,,,enderezar,,,
camaai,vt vd,,,"cocinar con lumbre encima (como caguama, jaiba)",,,
capjoee,vt vd,,,calumniar,,,
capopt,vt vd,,,hacer chispas,,,
casámict,vt vd,,,celoso (especialmente con respecto a una persona del sexo opuesto),,,
cataaxa,vt vd,,,mojar torote (para hacer canastas),,,
catómet,vt vd,,,causar problemas de infección a,,,
cazaamt,vc,,,hacer adobes,,,
cazooj,vt vd,,,usar bastón,,,
queesxö,vt vd,,,esconder de,,,
quiime,v der,,,tener lugar para vivir,,,
quiimosim,vt vd,,,pedir (a alguien) comida,,,
quiiquet,vt vd,,,"encinta, embarazada",,,
quiixz,v der,,,tener mascota,,,
quitat,vt vd,,,recoger torote,,,
cyaacni,v der,,,tener arma (arco o fusil),,,
